latitude,longitude
40.7565749,-73.9797362
40.7726309,-73.9568812
40.7707147,-73.9558896
40.7719557,-73.9568455
40.7721966,-73.9553615
40.7621972,-73.954556
40.7624332,-73.954314
40.761237,-73.9635305
40.7615032,-73.9633354
40.7635007,-73.9537393
40.7630917,-73.953707
40.7617747,-73.9550364
40.7632892,-73.9535336
40.7642074,-73.9761997
40.7642623,-73.9763297
40.7684981,-73.9591691
40.7686654,-73.9587899
40.7684707,-73.9591113
40.7564624,-73.9794655
40.7562922,-73.9792779
40.7576548,-73.9624929
40.7613852,-73.9554915
40.7619805,-73.9548088
40.7606048,-73.9697757
40.7600929,-73.975602
40.7599602,-73.9714473
40.767204,-73.9631193
40.7629069,-73.9672658
40.7627476,-73.9668832
40.762841,-73.967107
40.7628657,-73.967172
40.7628136,-73.967042
40.7623393,-73.9690385
40.8224624,-73.9462047
40.824328,-73.938919
40.8243939,-73.9390779
40.8223094,-73.947585
40.8216656,-73.9340366
40.7585126,-73.9517394
40.7549409,-73.9566291
40.7539365,-73.9571062
40.7641635,-73.9760951
40.7644297,-73.975947
40.7516162,-73.9868371
40.7598638,-73.9702092
40.7597242,-73.9716604
40.76393,-73.975532
40.7639795,-73.9756475
40.7632328,-73.9753265
40.7640152,-73.9757341
40.7632987,-73.9754817
40.7564606,-73.9713044
40.7618551,-73.9759298
40.7623683,-73.9756012
40.7630106,-73.9755901
40.7605566,-73.9748257
40.7545495,-73.9683311
40.8266194,-73.943448
40.7566621,-73.9760581
40.7547268,-74.0007147
40.8184788,-73.9439391
40.8178752,-73.9444309
40.817761,-73.9468588
40.8193044,-73.9427786
40.8176958,-73.9424115
40.8190076,-73.9420707
40.8180941,-73.9430217
40.8266755,-73.9461507
40.8195466,-73.9387283
40.7540072,-73.9631483
40.8295919,-73.9435467
40.7454515,-73.986333
40.746665,-73.9897794
40.8501377,-73.941299
40.8422065,-73.9432504
40.8370463,-73.937675
40.7479224,-73.9741881
40.7475069,-73.9697456
40.8363239,-73.9419292
40.7466973,-73.97041
40.8540882,-73.9328007
40.8540002,-73.9325875
40.8387073,-73.9385372
40.8435391,-73.9354606
40.851192,-73.9366569
40.8780837,-73.9105555
40.842101,-73.9356861
40.8306942,-73.9412692
40.8562787,-73.9380691
40.8550745,-73.9395234
40.8430361,-73.9447352
40.7567827,-73.9646952
40.8461337,-73.9321582
40.8362277,-73.9417016
40.8328214,-73.9413468
40.8338121,-73.9468171
40.8271764,-73.9430898
40.7454824,-73.9745283
40.8369101,-73.939717
40.8365177,-73.9397354
40.8281507,-73.9376291
40.8296272,-73.942618
40.8312566,-73.9407483
40.8357241,-73.9390242
40.8356116,-73.9446654
40.8273646,-73.9526217
40.8612986,-73.9284552
40.8608813,-73.9281701
40.8521209,-73.9293435
40.8542946,-73.9386493
40.8542013,-73.9387
40.8668624,-73.9245842
40.7276561,-73.9790053
40.7213602,-73.9823985
40.7218644,-73.9776796
40.7217903,-73.9777373
40.7163456,-73.9828435
40.7212642,-73.9825103
40.7209701,-73.9803639
40.7522371,-73.992933
40.7145708,-73.9936476
40.7276687,-73.9921238
40.7085709,-73.9947483
40.7396114,-74.0009455
40.7139698,-73.9948417
40.7140028,-73.9983335
40.7400231,-74.0019306
40.7221081,-74.0027202
40.7336471,-74.0005557
40.7380687,-73.9931402
40.7200024,-73.9888347
40.8765701,-73.9125174
40.8765125,-73.9125717
40.7162779,-73.9905704
40.7217236,-73.9923554
40.7523963,-73.9929114
40.7593379,-73.9977981
40.7628566,-73.996206
40.7136321,-73.993875
40.7475023,-73.9925546
40.7647203,-73.9963539
40.7193817,-73.9853463
40.7262025,-73.9867339
40.7131269,-73.9905456
40.7301667,-74.0017427
40.7189462,-74.0004221
40.7640559,-73.9931881
40.7458057,-73.9874554
40.7460691,-73.9873182
40.7141146,-73.9867327
40.7941661,-73.9442557
40.7942019,-73.9443351
40.7886763,-73.9435091
40.7197904,-73.9839826
40.7197438,-73.9840079
40.7791391,-73.9511936
40.7652647,-73.9517453
40.7654213,-73.9520448
40.765369,-73.9516514
40.7894884,-73.9485931
40.7894472,-73.9486221
40.7753239,-73.9449899
40.789044,-73.9491641
40.7990167,-73.9399427
40.7987204,-73.9402319
40.827168,-73.9487772
40.7891063,-73.9415298
40.823539,-73.9418392
40.8243609,-73.9389949
40.8270016,-73.9394586
40.8282883,-73.9383372
40.7751063,-73.9560744
40.7841613,-73.9743763
40.7869614,-73.9768236
40.7878413,-73.9718362
40.793162,-73.9450547
40.7933679,-73.9451737
40.789943,-73.9464116
40.7896914,-73.9484449
40.776726,-73.9500617
40.7901106,-73.9466281
40.7608694,-73.9948994
40.763446,-73.9863113
40.7630371,-73.9865099
40.7640993,-73.9871126
40.8256543,-73.9402294
40.8274183,-73.9438773
40.779942,-73.9877161
40.7795907,-73.9879653
40.7563553,-73.9791623
40.7565007,-73.9790901
40.7564486,-73.9791262
40.7564322,-73.9793969
40.7569264,-73.9803389
40.7713182,-73.9891727
40.7713426,-73.9865119
40.76417,-73.9820948
40.7869837,-73.9784811
40.7640664,-73.9870332
40.7524124,-73.9886777
40.7650387,-73.9974983
40.7596261,-73.9985453
40.7595629,-74.0038696
40.7593269,-74.0033281
40.7564898,-73.9795341
40.7424693,-73.9779289
40.7568074,-73.9647602
40.7490532,-74.0064856
40.7221573,-74.0066669
40.7237547,-74.0076051
40.7236641,-74.008121
40.7566618,-73.999307
40.751477,-74.0018191
40.7508621,-74.0022702
40.7408849,-74.0035942
40.7087842,-74.0139263
40.7179523,-74.007085
40.7095941,-74.0120978
40.7220889,-73.9981565
40.8217018,-73.9399981
40.7229425,-74.0039504
40.7230111,-74.0038927
40.7248085,-74.0106286
40.7143679,-73.9978176
40.7539527,-74.0020321
40.7471559,-73.9859068
40.747787,-73.984658
40.7273643,-74.0012736
40.7564696,-73.9963941
40.7564339,-73.9963075
40.7556709,-73.9971702
40.7328593,-73.9995778
40.725083,-73.9898548
40.7421378,-73.9809531
40.7245646,-73.9947182
40.7293125,-73.9879816
40.7240624,-74.0013565
40.7475711,-74.0049877
40.7380963,-73.9993469
40.7130724,-73.9979042
40.7130888,-73.9977816
40.7333559,-74.0070397
40.730795,-74.0075193
40.7315663,-74.0075519
40.7379889,-74.009328
40.7445597,-74.0104441
40.7318957,-74.0069061
40.7426935,-74.0082929
40.7441977,-74.0063119
40.7406953,-74.0082855
40.7521631,-73.994947
40.7555748,-73.9951489
40.7532362,-73.9930809
40.7519488,-73.9921607
40.7522673,-73.9930846
40.7522096,-73.9928645
40.7523688,-73.9930088
40.7415095,-73.9827215
40.7428874,-73.9825985
40.742934,-73.982566
40.7239827,-74.0049931
40.7461515,-73.9875202
40.7290961,-74.0066568
40.7542327,-73.9968237
40.75353,-73.9981159
40.7530854,-73.9969285
40.7537277,-73.9978308
40.7314035,-73.9842468
40.7262024,-73.98515
40.7248117,-74.0029259
40.7372674,-73.9973694
40.7562528,-74.0003898
40.7470676,-73.9828031
40.7480364,-73.9821135
40.7294998,-73.9989212
40.7498535,-73.9825895
40.7560741,-73.9916188
40.7562361,-73.9927485
40.7570351,-74.0001624
40.7565246,-74.0007291
40.7458743,-73.9876177
40.7483967,-73.9873213
40.7459072,-73.9877007
40.7350302,-73.9925199
40.8722116,-73.9090267
40.8678003,-73.9118058
40.8756072,-73.9130972
40.8712159,-73.9134284
40.7326534,-73.9964676
40.7472524,-73.9729649
40.7482599,-73.9737188
40.7477301,-73.9735133
40.7481916,-73.9751949
40.7468111,-73.9757729
40.7342561,-74.0082666
40.7558685,-73.9949179
40.7266617,-73.9998809
40.7576225,-73.9994441
40.7376678,-74.0094687
40.729119,-73.9788317
40.7565475,-73.9796676
40.7565173,-73.979599
40.7568219,-73.9795592
40.7104098,-74.0064241
40.7037562,-74.0102609
40.7055402,-74.0109717
40.7477057,-73.9974159
40.7458831,-73.9968927
40.7170385,-74.0031889
40.7082086,-74.0026799
40.7085187,-74.0040325
40.7240961,-73.978505
40.7079836,-73.9991163
40.7236724,-74.0074969
40.7345305,-74.0090136
40.7653086,-73.951702
40.7628612,-73.9539094
40.7626444,-73.9541044
40.7654184,-73.9516044
40.7655393,-73.9519401
40.7615827,-73.9552639
40.7655969,-73.9518823
40.7654789,-73.9519906
40.720151,-73.9953427
40.7337883,-73.9811648
40.713223,-74.0086175
40.7098717,-74.0083935
40.7099842,-74.0082925
40.7100693,-74.0082167
40.7103218,-74.0084657
40.7461133,-73.9893572
40.7090152,-74.0093131
40.7093419,-74.0094791
40.729206,-74.0042936
40.7171867,-74.003344
40.7174529,-74.0044768
40.7565647,-73.9847606
40.7565638,-73.9790432
40.7567203,-73.979321
40.7447083,-73.9944532
40.7563201,-73.9825805
40.755576,-73.9804764
40.7895404,-73.942555
40.7885278,-73.9428737
40.7997293,-73.9433986
40.7932498,-73.9450763
40.7933267,-73.9452062
40.7932803,-73.9400887
40.7900419,-73.946462
40.790172,-73.9431576
40.7903752,-73.943356
40.7942678,-73.9444939
40.7880424,-73.9437588
40.7975074,-73.9406845
40.7912974,-73.9124778
40.7796343,-73.9848926
40.7587541,-73.9786959
40.7786159,-73.9843476
40.7783776,-73.9883013
40.754153,-74.0050748
40.7549792,-74.0043999
40.7522236,-74.0002635
40.763848,-73.9767811
40.7635598,-73.9768895
40.7636065,-73.9770014
40.7638782,-73.9768569
40.7638845,-73.9816328
40.8539782,-73.9325333
40.8540222,-73.9326381
40.8549114,-73.9324854
40.8540415,-73.9326887
40.8492544,-73.932267
40.7749523,-73.9895006
40.7748123,-73.9893707
40.7743457,-73.9896415
40.7864144,-73.9731404
40.8684283,-73.9225505
40.8684858,-73.9223877
40.7736034,-73.9913001
40.7738186,-73.9899482
40.7778534,-73.9889586
40.7754655,-73.9887965
40.7750648,-73.9888254
40.7525362,-73.9735547
40.7612474,-73.986171
40.86209,-73.9254609
40.862101,-73.9254682
40.7681235,-73.9915992
40.8505987,-73.9359779
40.8503096,-73.929696
40.8564097,-73.9319489
40.8540662,-73.9327429
40.8541267,-73.9329091
40.859676,-73.9193035
40.8515748,-73.9341624
40.8508264,-73.9357933
40.8618607,-73.9192791
40.8610554,-73.9176677
40.8487014,-73.9300628
40.8513938,-73.9297129
40.8570426,-73.9300215
40.8514788,-73.9296478
40.8666306,-73.9268261
40.799399,-73.9363847
40.7983621,-73.9375451
40.7997071,-73.9376052
40.7973671,-73.9349997
40.7973452,-73.9349492
40.796345,-73.9330829
40.7960775,-73.9309451
40.7276409,-73.9879134
40.7283354,-73.9882632
40.7974648,-73.937824
40.7980136,-73.9375851
40.7084035,-73.9983589
40.7124601,-73.9938571
40.8178334,-73.9431592
40.817474,-73.9434738
40.8161467,-73.9592302
40.8180315,-73.9570974
40.8158384,-73.9569001
40.7997924,-73.9433552
40.795701,-73.9671847
40.7950259,-73.9674631
40.7301325,-73.9829049
40.7245466,-73.9805252
40.8041504,-73.9619394
40.8176372,-73.9596483
40.818853,-73.959308
40.818735,-73.9593948
40.8173901,-73.959298
40.8144153,-73.960893
40.7978849,-73.93328
40.808276,-73.9374455
40.80832,-73.9375538
40.8226131,-73.9517543
40.8170715,-73.9516933
40.8166607,-73.947622
40.8032011,-73.9551709
40.7439112,-73.9830169
40.8131258,-73.954579
40.8152199,-73.9543536
40.7429009,-73.9817468
40.8026394,-73.9577394
40.801604,-73.9560497
40.8022488,-73.9556339
40.810855,-73.9597283
40.8226921,-73.9572353
40.8206997,-73.9579809
40.8110304,-73.9516905
40.811409,-73.9514445
40.8091807,-73.9524793
40.8144683,-73.9489171
40.8040135,-73.9552571
40.8182512,-73.9572526
40.7941637,-73.939492
40.8077363,-73.9658169
40.8077041,-73.952567
40.8059047,-73.9554436
40.8077898,-73.9540625
40.8106329,-73.946655
40.8006883,-73.9589362
40.8126243,-73.9500528
40.8037721,-73.9554342
40.8050485,-73.955744
40.8062676,-73.9570653
40.8222512,-73.9463783
40.8069376,-73.9659763
40.8253256,-73.9533855
40.8150867,-73.9446933
40.8156829,-73.9461054
40.8150825,-73.9539888
40.8138174,-73.954481
40.8154229,-73.9542089
40.8100541,-73.9537683
40.8178294,-73.9599228
40.7895157,-73.9720269
40.8091252,-73.9394495
40.8089219,-73.9389801
40.8081785,-73.9399055
40.8091472,-73.9395073
40.7749698,-73.9776437
40.8131015,-73.9556086
40.8129555,-73.9544491
40.8115902,-73.9514986
40.7713761,-73.9557917
40.8018845,-73.9656863
40.8112824,-73.9445845
40.815789,-73.944122
40.8049772,-73.95595
40.8021219,-73.961377
40.8174575,-73.9434413
40.8058498,-73.95531
40.8125343,-73.9396812
40.7973682,-73.9320598
40.8046305,-73.9473136
40.8043936,-73.9348954
40.8142866,-73.9477503
40.8120603,-73.941376
40.8115388,-73.9413114
40.7998418,-73.9380963
40.7979327,-73.9353423
40.7980839,-73.9356997
40.7984191,-73.9363748
40.801032,-73.9360725
40.7989816,-73.9359734
40.7994594,-73.9363413
40.8018959,-73.9349989
40.7995828,-73.9362509
40.7995197,-73.9362979
40.8182538,-73.944156
40.8182373,-73.9441199
40.8178587,-73.9443948
40.8033669,-73.9513637
40.8031636,-73.9508835
40.8013634,-73.9515747
40.8079881,-73.9433193
40.8107542,-73.9421502
40.8099552,-73.9414284
40.8038487,-73.9372907
40.8069945,-73.9490492
40.7977343,-73.9338075
40.8220124,-73.9407241
40.7979843,-73.9393694
40.7979486,-73.9392827
40.7978919,-73.9411103
40.8079107,-73.9543694
40.80677,-73.965579
40.791614,-73.9513651
40.7915783,-73.951282
40.8008509,-73.9534894
40.798504,-73.9359377
40.8002111,-73.935788
40.8115573,-73.9515492
40.8114915,-73.9517551
40.7950093,-73.9347673
40.8104736,-73.9465359
40.8105725,-73.9466984
40.8016122,-73.9494254
40.8028518,-73.9470044
40.8027543,-73.9499085
40.8031451,-73.9355287
40.8009825,-73.9359534
40.8109256,-73.9445017
40.8120948,-73.9445694
40.809849,-73.9379606
40.8010072,-73.9360148
40.7920984,-73.9370056
40.8074428,-73.9512849
40.8067102,-73.9518742
40.8108409,-73.9454627
40.8120073,-73.945133
40.8108849,-73.9455638
40.8108657,-73.9455205
40.8063366,-73.9394051
40.7910356,-73.9468657
40.7951838,-73.9486935
40.7915453,-73.9512062
40.7942403,-73.9503122
40.8089462,-73.9436581
40.8084883,-73.9445074
40.8087023,-73.9443302
40.8090328,-73.9411655
40.8088023,-73.9413752
40.8036013,-73.9366335
40.8032504,-73.937443
40.7919384,-73.9462149
40.7937952,-73.943447
40.803223,-73.937378
40.8030058,-73.936858
40.8053913,-73.9550719
40.7919907,-73.9410289
40.8047004,-73.9388287
40.804566,-73.9389263
40.8044891,-73.9389842
40.801692,-73.9384594
40.8128595,-73.9422025
40.8132657,-73.9422961
40.8140485,-73.9434009
40.8168166,-73.9407504
40.815022,-73.9415179
40.8032807,-73.9375116
40.8031382,-73.9379524
40.8072892,-73.9397438
40.8171104,-73.9465017
40.8170647,-73.9429178
40.8176683,-73.9424332
40.8106366,-73.9429161
40.7971952,-73.9319552
40.7960528,-73.9308801
40.7964124,-73.9309737
40.8015543,-73.9327057
40.8103516,-73.9384911
40.7966087,-73.9384496
40.8154974,-73.9426518
40.8158289,-73.9415135
40.8222169,-73.9435746
40.8224376,-73.9459265
40.8076257,-73.937829
40.8035426,-73.9347264
40.8167479,-73.9405878
40.7954361,-73.9324735
40.8166435,-73.9403387
40.8164621,-73.9399089
40.8167836,-73.9406673
40.7953993,-73.935157
40.8022743,-73.9446751
40.798356,-73.9364182
40.8092536,-73.943647
40.8089242,-73.9436075
40.8110571,-73.9440501
40.8104808,-73.9389064
40.8105412,-73.938863
40.808354,-73.939555
40.813405,-73.9408762
40.8079384,-73.9373988
40.806292,-73.9434797
40.8064321,-73.9438155
40.8075216,-73.9433956
40.8063579,-73.9436386
40.8052308,-73.94019
40.8049342,-73.9397929
40.7958485,-73.9335349
40.7942294,-73.9341144
40.7935488,-73.9447329
40.7929099,-73.9460914
40.7932032,-73.945293
40.7931648,-73.9453219
40.7960253,-73.9308151
40.796105,-73.9310101
40.803457,-73.9337476
40.8001986,-73.9379732
40.8116231,-73.9514516
40.8121249,-73.9503422
40.8154684,-73.951344
40.8081685,-73.9418092
40.8036521,-73.9391655
40.8018514,-73.938853
40.8059414,-73.939633
40.7802352,-73.9535254
40.7764814,-73.9637171
40.8157873,-73.9463546
40.7687341,-73.9589523
40.7791266,-73.9541653
40.7765499,-73.9634138
40.7653609,-73.9520954
40.8081492,-73.9537335
40.8152125,-73.9538929
40.8117831,-73.9533119
40.8184953,-73.9439788
40.800878,-73.9357043
40.800933,-73.9358378
40.8004964,-73.9355312
40.8003894,-73.9356108
40.742838,-73.9826346
40.7711185,-73.9649981
40.7918359,-73.938808
40.8030661,-73.9475135
40.8158369,-73.9466255
40.8003478,-73.9585897
40.8023484,-73.9578119
40.8079338,-73.950497
40.8060909,-73.9421362
40.798527,-73.937935
,
,
,
,
,
,
,
,
,
,
,
,
,
,
,
,
,
,
,
,
,
,
,
,
,
,
,
,
,
,
,
,
,
,
,
,
,
,
,
,
,
,
,
,
,
,
,
,
,
,
,
,
,
,
,
,
,
,
,
,
,
,
,
,
,
,
,
40.7466244,-73.9648919
40.7587367,-73.9950873
40.8032238,-73.9339682
40.80349,-73.9338235
40.8211013,-73.9603941
40.7922611,-73.9335674
40.8202945,-73.960951
40.8185384,-73.962296
40.7849224,-73.9397893
40.7854875,-73.9391533
40.7880226,-73.9372731
40.7900036,-73.9360217
40.8616506,-73.9171211
40.8627092,-73.9159051
40.7091908,-73.9899727
40.821965,-73.9579259
40.779717,-73.9881458
40.775003,-73.9907297
40.7730593,-73.9900154
40.7764042,-73.9894101
40.7738436,-73.9901844
40.7760996,-73.9896774
40.7744148,-73.9914842
40.7568841,-73.9996679
,
40.8020374,-73.9327124
40.8008582,-73.9298494
40.7992852,-73.9294718
40.8026026,-73.9323615
40.7466212,-73.9734415
40.7458774,-73.9735465
40.7457437,-73.9770653
40.7463227,-73.976549
40.7475741,-73.9756282
40.7448484,-73.974976
40.8151744,-73.9505422
40.8158227,-73.9518929
40.8154084,-73.9521605
40.815197,-73.9521318
40.8156609,-73.9522615
40.815062,-73.9509469
40.81554,-73.9457732
40.81401,-73.943307
40.8013964,-73.9516577
40.8031008,-73.9399968
40.8033388,-73.9335635
40.8032757,-73.9336069
40.8034623,-73.9334731
40.8089142,-73.9455149
40.8091692,-73.9395579
40.8014321,-73.9517372
40.7929613,-73.9445239
40.8234731,-73.9418862
40.8255967,-73.9402692
40.7213544,-73.9803854
40.8235386,-73.9410045
40.813612,-73.9431159
40.7921986,-73.9395805
40.7909693,-73.921922
40.8023797,-73.9361543
40.8153154,-73.9410443
40.811387,-73.9513904
40.8081933,-73.947607
40.8024894,-73.9360747
40.8013394,-73.941277
40.8222607,-73.9381116
40.7967719,-73.9357191
40.8554561,-73.9299074
40.8479765,-73.9391322
40.7937636,-73.9406806
40.8689198,-73.9113668
40.7298945,-73.9727988
40.7174257,-73.9755779
40.8307589,-73.9341577
40.7590799,-73.9972494
40.8468038,-73.9328225
40.7399979,-74.0113311
40.7576964,-74.0065622
40.7570239,-74.0069989
40.8483379,-73.9428042
40.8659404,-73.9338879
40.8656519,-73.9333205
40.8550398,-73.9362953
40.8205492,-73.9591841
40.8026754,-73.934897
40.800397,-73.929727
40.8023407,-73.9352766
40.8024851,-73.9383359
40.8027029,-73.934962
40.8027881,-73.9351642
40.8027304,-73.9350234
40.8024301,-73.9379675
40.8024082,-73.9381517
40.8024522,-73.93826
40.8027551,-73.9350884
40.7151665,-73.994921
40.7281063,-73.979449
40.7805047,-73.9872611
40.7773896,-73.9889045
40.7777326,-73.988695
40.7749797,-73.9889013
40.7114913,-74.0036431
40.7593626,-74.0034111
40.7133879,-73.9937307
40.762392,-73.9617827
40.7963102,-73.945034
40.7957031,-73.9439655
40.8695208,-73.9112648
40.7913405,-73.9472049
40.7638885,-73.9928199
40.8019553,-73.9561073
40.8208073,-73.9405625
40.7196704,-73.9909632
40.8736087,-73.9091441
40.8141163,-73.941627
40.8210415,-73.9480666
40.8205821,-73.945704
40.8132437,-73.9422455
40.7564779,-74.0002094
40.8035124,-73.9346542
40.8029953,-73.9376094
40.8029595,-73.9375227
40.8026183,-73.9359337
40.7468632,-73.9756068
40.8716045,-73.9194119
,
,
,
40.7150839,-73.9903109
,
,
40.8165665,-73.9401581
40.8415177,-73.9381045
,
,
40.8031961,-73.9336034
,
40.7243572,-73.9807634
40.7127155,-73.9968834
40.8033934,-73.9377824
40.7285665,-73.9954467
40.81745,-73.9510355
,
,
,
,
,
,
,
,
,
,
,
,
,
,
,
40.7948882,-73.9296353
40.7935143,-73.9315978
40.7522203,-73.9725153
40.8540935,-73.9426475
40.7816525,-73.9932152
40.8641496,-73.9152055
40.7273471,-74.0133313
40.7533486,-74.0089042
40.754043,-74.0086733
40.783724,-73.941827
40.7844397,-73.9405986
40.7829258,-73.9428749
40.7912052,-73.9349877
40.7906346,-73.9355697
40.7372723,-74.0119043
40.7390509,-74.011883
,
40.8420226,-73.9490802
,
,
40.800447,-73.9355674
40.8009577,-73.9358956
,
40.7352521,-74.0121999
40.7866782,-73.9381916
,
40.7942875,-73.9302824
40.8090571,-73.9458543
,
40.8634638,-73.9153119
40.8090442,-73.9419566
40.8082383,-73.9500525
40.8510698,-73.9294783
,
,
,
40.8008127,-73.9475297
,
,
,
40.7629207,-73.9673777
40.7554163,-73.9664646
40.7093858,-74.0095729
,
,
,
,
,
,
,
,
40.8123636,-73.9440273
40.7962754,-73.9314108
40.8033992,-73.9335165
40.7165273,-73.9871182
