borough,Tax block,Tax lot,community board,council district,postcode,policeprct,address,state,bldgclass,landuse,ownertype,ownername,lotarea,unitstotal,lotfront,lotdepth,lottype,assessland,yearbuilt,histdist,landmark,borocode,x,y,latitude,longitude,zonemap,notes,city
MN,1262,29,105.0,4.0,10036.0,18.0,13 WEST 46 STREET,NY,V1,11,,13 W 46 OWNER LLC,2161,0,21.42,100.42,5,1201050,0,,,1,989864.0,214918.0,40.7565749,-73.9797362,8d,,New York
MN,1432,14,108.0,5.0,10075.0,19.0,235 EAST 77 STREET,NY,V1,11,,"EAST SEVEN SEVEN, LLC",2554,0,25.0,102.17,5,465750,0,,,1,996193.0,220770.0,40.7726309,-73.9568812,8c,,New York
MN,1435,1,108.0,5.0,10065.0,19.0,1140 2 AVENUE,NY,V1,11,,"1711 FIRST AVENUE, LLC",3000,0,40.0,75.0,3,434700,0,,,1,994353.0,216618.0,40.761237,-73.9635305,8c,,New York
MN,1435,151,108.0,5.0,10065.0,19.0,1152 2 AVENUE,NY,V1,11,,1152 MANHATTAN LLC,1500,0,20.0,75.0,5,337500,0,,,1,994407.0,216715.0,40.7615032,-73.9633354,8c,,New York
MN,1273,9,105.0,4.0,10019.0,18.0,43 WEST 57 STREET,NY,V1,11,,BOB 57 DEVELOPMENT LLC,3256,0,32.42,100.42,5,2095200,0,,,1,990843.0,217699.0,40.7642074,-73.9761997,8c,,New York
MN,1273,7,105.0,4.0,10019.0,18.0,45 WEST 57 STREET,NY,V1,11,,BOB 57 DEVELOPMENT LLC,5045,0,50.25,100.42,5,3006450,0,,,1,990807.0,217719.0,40.7642623,-73.9763297,8c,,New York
MN,1426,120,108.0,5.0,10021.0,19.0,257 EAST 71 STREET,NY,V1,11,,259 EAST 72 OWNER LLC,1890,0,18.5,102.17,5,477900,0,,,1,995560.0,219264.0,40.7684981,-73.9591691,8c,,New York
MN,1426,25,108.0,5.0,10021.0,19.0,1357 2 AVENUE,NY,V1,11,,CF EAST 72 OWNER LLC,6068,0,102.17,59.33,3,895500,0,,,1,995665.0,219325.0,40.7686654,-73.9587899,8c,,New York
MN,1426,121,108.0,5.0,10021.0,19.0,259 EAST 71 STREET,NY,V1,11,,259 EAST 72 OWNER LLC,1890,0,18.5,102.17,5,477900,0,,,1,995576.0,219254.0,40.7684707,-73.9591113,8c,,New York
MN,1262,32,105.0,4.0,10036.0,18.0,5 WEST 46 STREET,NY,V1,11,,46/47 OWNER LLC,2152,0,21.42,100.42,5,895500,0,,,1,989939.0,214877.0,40.7564624,-73.9794655,8d,,New York
MN,1262,34,105.0,4.0,10036.0,18.0,562 5 AVENUE,NY,V1,11,,562 LNBL LLC,3575,0,27.08,100.0,3,3899700,920,,,1,989991.0,214815.0,40.7562922,-73.9792779,8d,,New York
MN,1311,13,105.0,4.0,10022.0,18.0,126 EAST 57 STREET,NY,V1,11,,MRR 1326 LLC,13213,0,115.0,100.42,5,7230150,0,,,1,992623.0,216387.0,40.7606048,-73.9697757,8c,,New York
MN,1288,69,105.0,4.0,10022.0,18.0,665 5 AVENUE,NY,V1,11,,ROLEX REALTY COMPANY LLC,11050,0,85.42,125.0,3,8934750,0,,,1,991009.0,216200.0,40.7600929,-73.975602,8c,,New York
MN,1309,69,105.0,4.0,10022.0,18.0,407 PARK AVENUE,NY,V1,11,,CLOVER PARK DEVELOPMENT LLC,10975,0,75.42,108.75,3,4949100,0,,,1,992160.0,216152.0,40.7599602,-73.9714473,8d,,New York
MN,1402,41,108.0,4.0,10065.0,19.0,168 EAST 68 STREET,NY,V5,11,X,PARK EAST SYNAGOGUE,2009,0,20.0,100.42,5,427950,2013,,,1,994466.0,218792.0,40.767204,-73.9631193,8c,,New York
MN,1395,21,108.0,4.0,10022.0,19.0,145 EAST 60 STREET,NY,V1,11,,PARKVIEW TOWER OWNER LLC,4017,0,40.0,100.42,5,1596150,0,,,1,993318.0,217226.0,40.7629069,-73.9672658,8c,,New York
MN,1395,26,108.0,4.0,10022.0,19.0,155 EAST 60 STREET,NY,V1,11,,PARKVIEW TOWER OWNER LLC,8033,0,80.0,100.42,5,3578850,0,,,1,993424.0,217168.0,40.7627476,-73.9668832,8c,,New York
MN,1395,24,108.0,4.0,10022.0,19.0,151 EAST 60 STREET,NY,V1,11,,PARKVIEW TOWER OWNER LLC,2008,0,20.0,100.42,5,810450,0,,,1,993362.0,217202.0,40.762841,-73.967107,8c,,New York
MN,1395,23,108.0,4.0,10022.0,19.0,149 EAST 60 STREET,NY,V1,11,,PARKVIEW TOWER OWNER LLC,2008,0,20.0,100.42,5,1008000,0,,,1,993344.0,217211.0,40.7628657,-73.967172,8c,,New York
MN,1395,25,108.0,4.0,10022.0,19.0,153 EAST 60 STREET,NY,V1,11,,PARKVIEW TOWER OWNER LLC,2008,0,20.0,100.42,5,1080000,0,,,1,993380.0,217192.0,40.7628136,-73.967042,8c,,New York
MN,1313,63,105.0,4.0,10022.0,18.0,120 EAST 59 STREET,NY,V1,11,,118 EAST 59TH STREET REALTY LLC,5021,0,50.0,100.42,5,2952900,0,,,1,992827.0,217019.0,40.7623393,-73.9690385,8c,,New York
MN,2034,17,110.0,9.0,10039.0,32.0,223 WEST 148 STREET,NY,V1,11,X,HARLEM CONGREGATION FOR COMMUNITY IMPROV EMENT INC,2498,0,25.0,99.92,5,193950,0,,,1,1001155.0,239608.0,40.824328,-73.938919,6a,,New York
MN,2050,4,109.0,9.0,10031.0,30.0,287 CONVENT AVENUE,NY,V1,11,X,UNITED STATES OF AMERICA,4675,0,46.75,100.0,5,401400,0,,,1,998757.0,238871.0,40.8223094,-73.947585,6a,,New York
MN,1273,10,105.0,4.0,10019.0,18.0,41 WEST 57 STREET,NY,V1,11,,BOB 57 DEVELOPMENT LLC,3414,0,34.0,100.42,5,2200950,0,,,1,990872.0,217683.0,40.7641635,-73.9760951,8c,,New York
MN,1273,65,105.0,4.0,10019.0,18.0,50 WEST 58 STREET,NY,V1,11,,BOB 57 DEVELOPMENT LLC,7532,0,75.0,100.42,5,3857400,0,,,1,990913.0,217780.0,40.7644297,-73.975947,8c,,New York
MN,812,45,105.0,4.0,10018.0,14.0,989 AVENUE OF THE AMERICAS,NY,V1,11,,RPY 989 LLC,8041,0,98.75,100.0,3,3546000,0,,,1,987897.0,213111.0,40.7516162,-73.9868371,8d,,New York
MN,1310,14,105.0,4.0,10022.0,18.0,656 LEXINGTON AVENUE,NY,V1,11,,660 LEXINGTON AVENUE DEVELOPMENT LLC,4410,0,60.42,73.0,3,2380500,0,,,1,992503.0,216117.0,40.7598638,-73.9702092,8d,,New York
MN,1309,1,105.0,4.0,10022.0,18.0,405 PARK AVENUE,NY,V1,11,,"RAR2 - 405 PARK, LLC",9037,0,100.42,90.0,3,6626250,0,,,1,992101.0,216066.0,40.7597242,-73.9716604,8d,,New York
MN,1273,17,105.0,4.0,10019.0,18.0,27 WEST 57 STREET,NY,V1,11,,29 WEST 57TH STREET OWNER LLC,4820,0,48.0,100.42,5,3092400,0,,,1,991028.0,217598.0,40.76393,-73.975532,8c,,New York
MN,1273,16,105.0,4.0,10019.0,18.0,31 WEST 57 STREET,NY,V1,11,,31 WEST 57TH STREET OWNER LLC,2711,0,27.0,100.42,5,1747800,1920,,,1,990996.0,217616.0,40.7639795,-73.9756475,8c,,New York
MN,1272,50,105.0,4.0,10019.0,18.0,16 WEST 57 STREET,NY,V1,11,,16 WEST 57TH STREET COMPANY LLC,5020,0,50.0,100.42,5,3241350,0,,,1,991085.0,217344.0,40.7632328,-73.9753265,8c,,New York
MN,1273,15,105.0,4.0,10019.0,18.0,33 WEST 57 STREET,NY,V1,11,,VNO 33 WEST 57TH STREET LLC,2513,0,25.0,100.42,5,1620000,1939,,,1,990972.0,217629.0,40.7640152,-73.9757341,8c,,New York
MN,1272,52,105.0,4.0,10019.0,18.0,20 WEST 57 STREET,NY,V1,11,,20 WEST 57TH STREET REALTY LLC,5020,0,50.0,100.42,5,3221100,0,,,1,991042.0,217368.0,40.7632987,-73.9754817,8c,,New York
MN,1270,44,105.0,4.0,10019.0,18.0,10 WEST 55TH STREET,NY,V1,11,,10 W 55 LLC,10344,0,23.0,100.42,5,3701250,0,,,1,990918.0,216842.0,40.7618551,-73.9759298,8c,,New York
MN,1272,23,105.0,4.0,10019.0,18.0,21 WEST 56 STREET,NY,V1,11,,"NINETEEN WEST REALTY COMPANY, LLC",5020,0,50.0,100.42,5,1718100,0,,,1,991012.0,217263.0,40.7630106,-73.9755901,8c,,New York
MN,1289,65,105.0,4.0,10022.0,18.0,8 EAST 54 STREET,NY,V1,11,,TISHMAN SPEYER,1500,0,15.0,100.0,5,817200,0,,,1,991224.0,216369.0,40.7605566,-73.9748257,8c,,New York
MN,1342,51,106.0,4.0,10022.0,17.0,300 EAST 50 STREET,NY,V1,11,,300 EAST 50TH STREET OWNER LLC,11398,0,113.5,100.42,3,1952100,0,,,1,993024.0,214181.0,40.7545495,-73.9683311,8d,,New York
MN,2063,36,109.0,9.0,10031.0,30.0,773 ST NICHOLAS AVENUE,NY,V1,11,,VINCENT SOLLAZZO-LAMP,2060,0,20.42,105.42,5,160200,0,Hamilton Heights / Sugar Hill Historic District,,1,999901.0,240442.0,40.8266194,-73.943448,6a,,New York
MN,1284,21,105.0,4.0,10017.0,18.0,413 MADISON AVENUE,NY,V1,11,,415 MADISON AVE LLC,11675,0,100.0,116.67,3,9971100,0,,,1,990883.0,214950.0,40.7566621,-73.9760581,8d,,New York
MN,1960,34,110.0,9.0,10030.0,32.0,321 WEST 136 STREET,NY,V1,11,,GRATITUDE CAPITAL LLC,2548,0,25.5,99.92,5,270000,0,Dorrance Brooks Square Historic District,,1,998959.0,237214.0,40.817761,-73.9468588,6a,,New York
MN,2026,15,110.0,9.0,10030.0,32.0,225 WEST 140 STREET,NY,V1,11,X,MAXWELL DEVELOPMENT L,5562,0,55.66,99.92,5,550350,0,,,1,1000088.0,237777.0,40.8193044,-73.9427786,6a,,New York
MN,2024,132,110.0,9.0,10030.0,32.0,7 AVENUE,NY,V1,11,,2370 ADAM CLAYTON POWELL JR. LLC,971,0,12.5,77.67,8,12150,0,,,1,1000190.0,237191.0,40.8176958,-73.9424115,6a,,New York
MN,2026,24,110.0,9.0,10030.0,32.0,207-209 WEST 140TH STREET,NY,V1,11,X,"NYC PARTNERSHIP HDFC, INC.",5596,0,36.0,99.92,5,612000,0,,,1,1000284.0,237669.0,40.8190076,-73.9420707,6a,,New York
MN,2062,2,109.0,7.0,10031.0,30.0,1763 AMSTERDAM AVENUE,NY,V1,11,,"EMPIRE DEVELOPMENT FUND, LLC",12467,0,124.67,100.0,5,1045800,0,,,1,999153.0,240462.0,40.8266755,-73.9461507,6a,,New York
MN,2011,48,110.0,9.0,10030.0,32.0,126 WEST 143 STREET,NY,V1,11,X,MALCOLM X II PHASE AASC,4163,0,41.67,99.92,5,306000,0,,,1,1001209.0,237866.0,40.8195466,-73.9387283,6a,,New York
MN,2067,7,109.0,7.0,10031.0,30.0,475 WEST 152 STREET,NY,V1,11,,475 WEST 152 LLC,1475,0,32.17,77.92,6,54000,0,,,1,999873.0,241525.0,40.8295919,-73.9435467,3b,,New York
MN,859,4,105.0,2.0,10016.0,14.0,273 5 AVENUE,NY,V1,11,,"PREMIER 273 FIFTH, LLC",2600,0,26.0,100.0,5,1166400,0,,,1,988037.0,210865.0,40.7454515,-73.986333,8d,,New York
MN,831,1,105.0,3.0,10001.0,14.0,836 AVENUE OF THE AMER,NY,V1,11,,"K.C. 836, LLC",996,0,24.67,40.33,3,691650,0,,,1,987082.0,211307.0,40.746665,-73.9897794,8d,,New York
MN,2111,37,112.0,10.0,10032.0,33.0,455 WEST 164 STREET,NY,V1,11,,445 W 164 LLC,3275,0,25.0,142.42,5,254250,0,,,1,1001496.0,244242.0,40.8370463,-73.937675,3b,,New York
MN,919,35,106.0,4.0,10016.0,17.0,246 EAST 39 STREET,NY,V9,11,,242 REALTY LLC,2469,0,25.0,98.75,5,363600,0,,,1,991402.0,211766.0,40.7479224,-73.9741881,8d,,New York
MN,2120,62,112.0,10.0,10032.0,33.0,565 WEST 161 STREET,NY,V1,11,,SJM HOLDINGS 565 LLC,1890,0,18.92,99.92,5,146700,0,,,1,1000319.0,243978.0,40.8363239,-73.9419292,3b,,New York
MN,970,1,106.0,4.0,10016.0,17.0,666 1 AVENUE,NY,V1,11,,"700 FIRST REALTY COMPANY, LLC",193528,0,515.0,336.86,3,101485350,0,,,1,992449.0,211320.0,40.7466973,-73.97041,8d,,New York
MN,2170,31,112.0,10.0,10033.0,34.0,663 WEST 187 STREET,NY,V1,11,,187 STREET MAZAL LLC,1582,0,16.67,94.92,5,153900,0,,,1,1002840.0,250452.0,40.8540882,-73.9328007,3a,,New York
MN,2170,27,112.0,10.0,10033.0,34.0,655 WEST 187 STREET,NY,V1,11,,187 STREET MAZAL LLC,1582,0,16.67,94.92,5,153900,0,,,1,1002899.0,250420.0,40.8540002,-73.9325875,3a,,New York
MN,2123,36,112.0,10.0,10032.0,33.0,506 WEST 166 STREET,NY,V1,11,,TRUSTEES OF COLUMBIA UNIVERSITY,2625,0,25.0,107.83,5,203850,0,,,1,1001257.0,244847.0,40.8387073,-73.9385372,3b,,New York
MN,2130,58,112.0,10.0,10032.0,33.0,525 WEST 173 STREET,NY,V1,11,,"CITIMORTGAGE, INC.",1875,0,18.75,100.0,5,230400,0,,,1,1002107.0,246608.0,40.8435391,-73.9354606,3b,,New York
MN,2128,48,112.0,10.0,10032.0,33.0,2238A AMSTERDAM AVENUE,NY,V1,11,,"NEW YORK HE TRADING CO., LLC",2500,0,25.0,100.0,5,189000,0,,,1,1002045.0,246084.0,40.842101,-73.9356861,3b,,New York
MN,2069,28,109.0,9.0,10032.0,30.0,89 ST NICHOLAS PLACE,NY,V1,11,,GETTY PETROLEUM CORP,12,0,1.92,9.75,8,1170,0,,,1,1000503.0,241927.0,40.8306942,-73.9412692,3b,,New York
MN,1347,22,106.0,4.0,10022.0,17.0,349 EAST 54 STREET,NY,V1,11,,LAWRENCE YASUYO,2010,0,20.0,100.5,5,369900,0,,,1,994031.0,214995.0,40.7567827,-73.9646952,8d,,New York
MN,2120,58,112.0,10.0,10032.0,33.0,557 WEST 161 STREET,NY,V1,11,,557 WEST 161ST STREET LLC,1799,0,18.0,99.92,5,248850,0,,,1,1000382.0,243943.0,40.8362277,-73.9417016,3b,,New York
MN,2108,71,112.0,10.0,10032.0,33.0,467 WEST 157 STREET,NY,V1,11,,"467 WEST 157 HOLDING, LLC",4996,0,50.0,99.92,5,369000,0,,,1,1000481.0,242702.0,40.8328214,-73.9413468,3b,,New York
MN,2064,34,109.0,9.0,10031.0,30.0,793 ST NICHOLAS AVENUE,NY,V1,11,,FLORENCE WHEELER,1000,0,25.5,42.0,5,113400,0,,,1,1000000.0,240645.0,40.8271764,-73.9430898,3b,,New York
MN,941,9,106.0,4.0,10016.0,17.0,2 AVENUE,NY,V1,11,X,MTA - BRIDGES AND TUNNELS,8097,0,41.0,197.5,5,1251000,0,,,1,991308.0,210877.0,40.7454824,-73.9745283,8d,,New York
MN,2121,1,112.0,10.0,10032.0,33.0,1040 ST NICHOLAS AVENUE,NY,V1,11,,"CATS 1040 ST. NICHOLAS AVENUE, LLC",10560,0,208.58,164.5,1,826200,0,,,1,1000926.0,244049.0,40.8365177,-73.9397354,3b,,New York
MN,2039,63,110.0,9.0,10039.0,32.0,2902 FREDRICK DOUGLASS BL,NY,V1,11,,"2902 FREDERICK DOUGLAS BLVD. HOLDING, LL C.",4000,0,40.0,100.0,5,293850,0,,,1,1001511.0,241001.0,40.8281507,-73.9376291,3b,,New York
MN,2156,75,112.0,10.0,10033.0,34.0,528 WEST 187 STREET,NY,V1,11,,YESHIVA UNIVERSITY,1444,0,19.25,75.0,5,202500,0,,,1,1003797.0,249736.0,40.8521209,-73.9293435,3a,,New York
MN,2179,154,112.0,10.0,10033.0,34.0,205 CABRINI BOULEVARD,NY,V1,11,,GOLD CHIP VENTURES LLC,5258,0,68.67,88.0,5,690750,0,,,1,1001222.0,250526.0,40.8542946,-73.9386493,3a,,New York
MN,2238,35,112.0,10.0,10034.0,34.0,4849 BROADWAY,NY,V1,11,,RITA S SKLAR,15000,0,100.0,150.0,5,1431900,0,,,1,1005109.0,255108.0,40.8668624,-73.9245842,3a,,New York
MN,394,5,103.0,2.0,10009.0,9.0,183 AVENUE B,NY,V1,11,,TOMPKINS 183 LLC,1779,0,17.17,93.0,5,379800,0,,,1,990069.0,204382.0,40.7276561,-73.9790053,12c,,New York
MN,374,34,103.0,2.0,10009.0,9.0,55 AVENUE D,NY,V1,11,,"RASH, LLC.",3294,0,41.17,80.0,3,248850,0,,,1,990437.0,202272.0,40.7218644,-73.9776796,12c,,New York
MN,374,36,103.0,2.0,10009.0,9.0,53 AVENUE D,NY,V1,11,,"RASH, LLC",1760,0,22.0,80.0,5,132750,0,,,1,990421.0,202245.0,40.7217903,-73.9777373,12c,,New York
MN,336,25,103.0,1.0,10002.0,7.0,31 BIALYSTOKER PLACE,NY,V1,11,,UNAVAILABLE OWNER,4731,0,63.08,75.0,3,1354500,0,,,1,989006.0,200261.0,40.7163456,-73.9828435,12c,,New York
MN,372,64,103.0,2.0,10009.0,9.0,270 EAST 2 STREET,NY,V1,11,,FREEDOM VILLAGE HOUSING DEVELOPMENT FUND  CORPORATI,8162,0,77.0,105.92,5,4447350,0,,,1,989693.0,201946.0,40.7209701,-73.9803639,12c,,New York
MN,784,6,105.0,3.0,10001.0,14.0,267 WEST 34 STREET,NY,V1,11,,CANING RLTY CORP,1644,0,21.67,78.0,5,922050,0,,,1,986208.0,213337.0,40.7522371,-73.992933,8d,,New York
MN,293,30,103.0,1.0,10002.0,5.0,6 1/2 ELDRIDGE STREET,NY,V1,11,,DAI FUNG RLTY CORP,131,0,3.0,43.67,8,900,0,,,1,986011.0,199614.0,40.7145708,-73.9936476,12d,,New York
MN,544,68,102.0,2.0,10003.0,9.0,35 EAST 4 STREET,NY,V1,11,M,10-12 COOPER SQUAREINC,9835,0,75.0,132.25,5,3719250,0,,,1,986433.0,204386.0,40.7276687,-73.9921238,12c,,New York
MN,162,41,103.0,1.0,10038.0,5.0,6 CHATHAM SQUARE,NY,V1,11,,H W C C REALTY CORP,3190,7,24.08,135.83,5,342450,1913,,,1,984712.0,199407.0,40.7140028,-73.9983335,12d,,New York
MN,764,75,104.0,3.0,10011.0,10.0,92 8 AVENUE,NY,V1,11,,GO 8TH AVENUE LLC,2407,0,25.75,93.5,5,344700,0,,,1,983715.0,208887.0,40.7400231,-74.0019306,8b,,New York
MN,475,61,102.0,1.0,10013.0,1.0,72 GRAND STREET,NY,V1,11,,72 GRAND PARTNERS,2500,0,25.0,100.0,3,1062000,0,,,1,983496.0,202360.0,40.7221081,-74.0027202,12a,,New York
MN,593,48,102.0,3.0,10014.0,6.0,14 GAY STREET,NY,V1,11,,GAY STREET REVIVAL INITIATIVE 1 LLC,990,0,22.0,45.0,5,122400,0,Greenwich Village Historic District,,1,984096.0,206564.0,40.7336471,-74.0005557,12c,,New York
MN,818,56,105.0,3.0,10011.0,13.0,8 WEST 17 STREET,NY,V1,11,,10 WEST 17TH STREET FEE LLC,4140,0,45.0,92.0,5,1887750,0,Ladies' Mile Historic District,,1,986151.0,208175.0,40.7380687,-73.9931402,8d,,New York
MN,410,13,103.0,1.0,10002.0,7.0,89 RIVINGTON STREET,NY,V1,11,,FIRST ROUMANIAN AMER CNG,7653,0,76.0,100.0,5,1989900,0,,,1,987345.0,201593.0,40.7200024,-73.9888347,12c,,New York
MN,2215,235,208.0,10.0,10463.0,50.0,106 TERRACE VIEW AVENUE,NY,V1,11,,TERRACE DEVELOPERS LLC,2267,0,25.67,93.41,5,243450,0,,,1,1008443.0,258648.0,40.8765701,-73.9125174,1b,,New York
MN,2215,234,208.0,10.0,10463.0,50.0,108 TERRACE VIEW AVENUE,NY,V1,11,,TERRACE DEVELOPERS LLC,2098,0,26.16,87.63,0,188550,0,,,1,1008428.0,258627.0,40.8765125,-73.9125717,1b,,New York
MN,309,27,103.0,1.0,10002.0,7.0,39 LUDLOW STREET,NY,V5,11,C,NYC DEPARTMENT OF EDUCATION,2195,0,25.08,87.5,5,1127700,0,,,1,986864.0,200236.0,40.7162779,-73.9905704,12c,,New York
MN,426,35,103.0,1.0,10002.0,5.0,183 CHRYSTIE STREET,NY,V1,11,,185 CHRYSTIE STREET LLC,4875,0,50.0,99.33,5,501750,0,,,1,986369.0,202220.0,40.7217236,-73.9923554,12c,,New York
MN,784,5,105.0,3.0,10001.0,14.0,488 8 AVENUE,NY,V1,11,,488 EIGHTH AVENUE OWNER LLC,2368,0,23.67,100.0,5,851850,0,,,1,986214.0,213395.0,40.7523963,-73.9929114,8d,,New York
MN,1069,30,104.0,3.0,10018.0,10.0,11 AVENUE,NY,V1,11,,UNAVAILABLE OWNER,50007,0,270.83,119.58,5,15875550,0,,,1,984860.0,215924.0,40.7593379,-73.9977981,8d,,New York
MN,1074,63,104.0,3.0,10036.0,18.0,616 11 AVENUE,NY,V1,11,,ELEVEN W46 REALTY LLC,27019,0,119.0,200.0,5,562500,0,,,1,985301.0,217206.0,40.7628566,-73.996206,8c,,New York
MN,282,34,103.0,1.0,10002.0,5.0,85 EAST BROADWAY,NY,V9,11,C,NYC DEPARTMENT OF TRANSPORTATION,54,0,5.57,18.42,8,1350,0,,,1,985948.0,199272.0,40.7136321,-73.993875,12d,,New York
MN,1095,39,104.0,3.0,10036.0,18.0,608 WEST 48 STREET,NY,V1,11,,MANHATTAN WEST 48 LLC,2510,0,25.0,100.42,5,225900,0,,,1,985260.0,217885.0,40.7647203,-73.9963539,8c,,New York
MN,349,33,103.0,1.0,10002.0,7.0,156 RIVINGTON STREET,NY,V1,11,X,"ABC NO RIO, INC.",2300,0,23.0,100.0,5,588150,0,,,1,988312.0,201367.0,40.7193817,-73.9853463,12c,,New York
MN,447,32,103.0,2.0,10003.0,9.0,89 1 AVENUE,NY,V1,11,,89 FIRST AVENUE LLC,2425,0,24.25,100.0,5,667800,0,,,1,987927.0,203852.0,40.7262025,-73.9867339,12c,,New York
MN,273,29,103.0,1.0,10002.0,7.0,140 HENRY STREET,NY,V1,11,,RUI FEN XIA,2383,0,23.83,100.0,5,521550,0,,,1,986871.0,199088.0,40.7131269,-73.9905456,12d,,New York
MN,542,6,102.0,2.0,10014.0,6.0,6 AVENUE,NY,V1,11,,290 TENANTS CORP.,12,0,5.67,3.92,8,900,0,,,1,983767.0,205296.0,40.7301667,-74.0017427,12a,,New York
MN,209,21,102.0,1.0,10013.0,5.0,126 LAFAYETTE STREET,NY,V1,11,,YEE TAI ENTERPRISESCORP,6295,5,74.5,89.0,5,305550,1915,,,1,984133.0,201208.0,40.7189462,-74.0004221,12c,,New York
MN,1077,29,104.0,3.0,10036.0,18.0,509 WEST 48 STREET,NY,V1,11,C,ACTORS HK HOUSING DEVELOPMENT FUND CORPO RATION,21924,0,100.0,200.83,3,8719650,0,,,1,986137.0,217643.0,40.7640559,-73.9931881,8c,,New York
MN,831,30,105.0,3.0,10001.0,14.0,3 WEST 29 STREET,NY,V1,11,,HFZ KIK 30TH STREET OWNER LLC,7357,0,74.5,98.75,5,3512250,0,,,1,987726.0,210994.0,40.7458057,-73.9874554,8d,,New York
MN,831,48,105.0,3.0,10001.0,14.0,8 WEST 30 STREET,NY,V1,11,,HFZ KIK 30TH STREET OWNER LLC,9875,0,100.0,98.75,5,4714650,0,,,1,987764.0,211090.0,40.7460691,-73.9873182,8d,,New York
MN,286,35,103.0,1.0,10002.0,7.0,225 EAST BROADWAY,NY,V1,11,X,YOUNG ISRAEL SYNAGOGUE,8375,0,94.33,90.0,5,2271600,0,,,1,987928.0,199448.0,40.7141146,-73.9867327,12d,,New York
MN,1637,25,111.0,8.0,10029.0,23.0,159 EAST 109 STREET,NY,V1,11,,CARITAS DEVELOPMENT L,2523,0,25.0,100.92,5,259200,0,,,1,999685.0,228618.0,40.7941661,-73.9442557,6b,,New York
MN,1637,24,111.0,8.0,10029.0,23.0,157 EAST 109 STREET,NY,V1,11,,CARITAS DEVELOPMENT L,2523,0,25.0,100.92,5,256500,0,,,1,999663.0,228631.0,40.7942019,-73.9443351,6b,,New York
MN,1675,1,111.0,8.0,10029.0,23.0,2000 2 AVENUE,NY,V1,11,,NAB 2000 REALTY LLC,1896,0,25.42,74.58,3,274950,0,,,1,999893.0,226618.0,40.7886763,-73.9435091,6b,,New York
MN,1533,28,108.0,5.0,10128.0,19.0,1695 2ND AVENUE,NY,V1,11,,ALCHEMY-ABR UES LLC,6057,0,75.71,80.0,5,544950,0,,,1,997767.0,223142.0,40.7791391,-73.9511936,9a,,New York
MN,1629,57,111.0,8.0,10029.0,23.0,1602 LEXINGTON AVENUE,NY,V1,11,,K1600 LEXINGTON LLC,1243,0,16.58,75.0,5,177300,0,,,1,998485.0,226913.0,40.7894884,-73.9485931,6b,,New York
MN,1629,16,111.0,8.0,10029.0,23.0,1600 LEXINGTON AVENUE,NY,V1,11,,K1600 LEXINGTON LLC,1243,0,16.58,75.0,5,177300,0,,,1,998477.0,226898.0,40.7894472,-73.9486221,6b,,New York
MN,1628,57,111.0,8.0,10029.0,23.0,1578 LEXINGTON AVENUE,NY,V1,11,,LEXINGTON TWO HOLDINGS LLC,19605,0,48.5,75.42,5,394200,0,,,1,998327.0,226751.0,40.789044,-73.9491641,6b,,New York
MN,1645,32,111.0,8.0,10035.0,25.0,183 EAST 117 STREET,NY,V1,11,,CITY LIGHTS PROPERTIES LLC,1529,0,19.0,90.0,5,173250,0,,,1,1000878.0,230386.0,40.7990167,-73.9399427,6b,,New York
MN,1644,42,111.0,8.0,10035.0,25.0,180 EAST 117 STREET,NY,V1,11,,ROBERT ANAZAGASTI JR,1802,0,25.0,72.08,5,166950,0,,,1,1000798.0,230278.0,40.7987204,-73.9402319,6b,,New York
MN,2078,55,109.0,7.0,10031.0,30.0,538 WEST 147 STREET,NY,V1,11,,553 WEST 146TH STREET LLC,4992,0,50.0,99.1,5,428400,0,,,1,998426.0,240641.0,40.827168,-73.9487772,3b,,New York
MN,1676,35,111.0,8.0,10029.0,23.0,336 EAST 105 STREET,NY,V1,11,,105 REALTY 2018 LLC,3784,0,37.5,100.92,5,391050,0,,,1,1000441.0,226775.0,40.7891063,-73.9415298,6b,,New York
MN,2045,14,110.0,9.0,10039.0,32.0,2737 8 AVENUE,NY,V1,11,,2737 TRADING,3488,1,31.0,112.5,3,344250,0,,,1,1000347.0,239320.0,40.823539,-73.9418392,6a,,New York
MN,2046,127,110.0,9.0,10039.0,32.0,303 WEST 151 STREET,NY,V1,11,X,HARLEM URBAN DEV CORP,1948,0,19.5,99.92,5,239400,0,,,1,1001005.0,240582.0,40.8270016,-73.9394586,3b,,New York
MN,2047,10,110.0,9.0,10039.0,32.0,8 AVENUE,NY,V1,11,,BETHANY II HOUSING DEVELOPMENT FUND CORP .,2500,0,25.08,100.0,5,190800,0,,,1,1001315.0,241051.0,40.8282883,-73.9383372,3b,,New York
MN,1526,108,108.0,5.0,10075.0,19.0,215A EAST 80 STREET,NY,V1,11,X,UNAVAILABLE OWNER,35,0,21.33,1.67,6,0,0,,,1,996416.0,221672.0,40.7751063,-73.9560744,9a,,New York
MN,1213,128,107.0,6.0,10024.0,20.0,103 WEST 82 STREET,NY,V1,11,,103-105 WEST 82ND ST,1283,0,50.0,258.0,5,210150,0,,,1,991346.0,224969.0,40.7841613,-73.9743763,5d,,New York
MN,1232,14,107.0,6.0,10024.0,20.0,2326 BROADWAY,NY,V1,11,,211 WEST 84TH ST OWNER LLC,22102,0,81.0,102.17,3,5361300,0,,,1,990668.0,225989.0,40.7869614,-73.9768236,5d,,New York
MN,1635,48,111.0,8.0,10029.0,23.0,156 EAST 108 STREET,NY,V1,11,,"152-156 REALTY ASSOCIATES,",3718,0,17.0,100.92,5,401400,0,,,1,999464.0,228252.0,40.793162,-73.9450547,6b,,New York
MN,1635,149,111.0,8.0,10029.0,23.0,1733 LEXINGTON AVENUE,NY,V1,11,,108 LEXINGTON OPERATING LLC,1143,0,17.58,65.0,3,134100,0,,,1,999431.0,228327.0,40.7933679,-73.9451737,6b,,New York
MN,1631,133,111.0,8.0,10029.0,23.0,169 EAST 103 STREET,NY,V1,11,,PEOPLE'S BAPTIST CHRUCH,1782,0,35.0,50.92,5,275400,0,,,1,999089.0,227079.0,40.789943,-73.9464116,6b,,New York
MN,1629,59,111.0,8.0,10029.0,23.0,1612 LEXINGTON AVENUE,NY,V1,11,C,NYC HOUSING PRESERVATION AND DEVELOPMENT,1350,0,18.0,75.0,3,172800,0,,,1,998526.0,226987.0,40.7896914,-73.9484449,6b,,New York
MN,1548,23,108.0,5.0,10028.0,19.0,1637 FIRST AVENUE,NY,V1,11,,350 EAST 86 LLC,26575,0,25.0,75.0,3,4802850,0,,,1,998081.0,222263.0,40.776726,-73.9500617,9a,,New York
MN,1631,30,111.0,8.0,10029.0,23.0,163 EAST 103 STREET,NY,V1,11,,PEOPLES BAPTIST CHRCH IN,3028,0,30.0,100.92,5,226350,0,,,1,999029.0,227140.0,40.7901106,-73.9466281,6b,,New York
MN,1072,135,104.0,3.0,10036.0,18.0,605 10 AVENUE,NY,V1,11,,ALONZO RUDOLPH B,1600,0,25.0,63.75,5,484650,0,,,1,985663.0,216482.0,40.7608694,-73.9948994,8c,,New York
MN,2045,90,110.0,9.0,10039.0,32.0,2805 FREDRICK DOUGLASS BL,NY,V1,11,,FDB GROUP LLC,1993,0,24.92,80.0,5,202050,0,,,1,1000792.0,240091.0,40.8256543,-73.9402294,6a,,New York
MN,2064,149,109.0,9.0,10031.0,30.0,449 CONVENT AVENUE,NY,V1,11,X,CREATIVE LOFTS LLC,1503,0,18.0,83.5,5,130950,0,,,1,999782.0,240733.0,40.8274183,-73.9438773,3b,,New York
MN,1262,35,105.0,4.0,10036.0,18.0,564 5 AVENUE,NY,V1,11,,46/47 OWNER LLC,4882,0,52.67,100.0,5,3367350,0,,,1,990023.0,214838.0,40.7563553,-73.9791623,8d,,New York
MN,1262,38,105.0,4.0,10036.0,18.0,572 5 AVENUE,NY,V1,11,,46/47 OWNER LLC,2500,0,25.0,100.0,5,1736550,0,,,1,990043.0,214891.0,40.7565007,-73.9790901,8d,,New York
MN,1262,37,105.0,4.0,10036.0,18.0,570 5 AVENUE,NY,V1,11,,46/47 OWNER LLC,2080,0,20.67,100.0,5,1444950,0,,,1,990033.0,214872.0,40.7564486,-73.9791262,8d,,New York
MN,1262,33,105.0,4.0,10036.0,18.0,3 WEST 46 STREET,NY,V1,11,,"46/47 OWNER LLC, A DELAWARE LLC",2152,0,21.42,100.42,5,1494900,0,,,1,989958.0,214866.0,40.7564322,-73.9793969,8d,,New York
MN,1151,12,107.0,6.0,10019.0,20.0,537 WEST 59 STREET,NY,V1,11,X,W59TH SHELTER HOUSING DEVELOPMENT FUND C ORPORATION,7560,0,75.0,100.67,5,1035450,0,,,1,987249.0,220289.0,40.7713182,-73.9891727,8c,,New York
MN,1132,22,107.0,6.0,10023.0,20.0,156 WEST 61 STREET,NY,V1,11,X,FORDHAM UNIVERSITY,10801,0,131.42,108.33,3,10511100,0,,,1,987986.0,220298.0,40.7713426,-73.9865119,8c,,New York
MN,1026,21,105.0,6.0,10019.0,18.0,1708 BROADWAY,NY,V1,11,,BROADWAY PT 1710 LLC,8848,0,129.5,86.67,3,1552500,0,,,1,989210.0,217685.0,40.76417,-73.9820948,8c,,New York
MN,1042,52,104.0,3.0,10019.0,18.0,350 WEST 52 STREET,NY,V1,11,,350 WEST 52 LLC,2510,0,25.0,100.42,5,773550,0,,,1,987842.0,217647.0,40.7640664,-73.9870332,8c,,New York
MN,1095,11,104.0,3.0,10036.0,18.0,620 JOE DIMAGGIO HIGHWAY,NY,V1,11,,"VGLP PROPERTIES, LLC",22150,0,200.83,116.83,3,2925000,0,,,1,984943.0,218001.0,40.7650387,-73.9974983,8c,,New York
MN,1069,1,104.0,3.0,10018.0,10.0,514 11 AVENUE,NY,V1,11,,SILVERSTEIN MB  LLC,41849,0,436.7,197.6,3,19929150,0,,,1,984653.0,216029.0,40.7596261,-73.9985453,8d,,New York
MN,665,11,104.0,3.0,10018.0,10.0,12 AVENUE,NY,V1,11,,JMB PROPERTY LLC,43954,0,132.5,150.0,5,1598850,0,,,1,983178.0,216006.0,40.7595629,-74.0038696,8b,,New York
MN,1262,31,105.0,4.0,10036.0,18.0,7 WEST 46 STREET,NY,V1,11,,7 WEST 46TH OWNER LLC,2152,0,21.42,100.42,5,1196100,0,,,1,989920.0,214887.0,40.7564898,-73.9795341,8d,,New York
MN,911,29,106.0,2.0,10016.0,17.0,543 2 AVENUE,NY,V1,11,,543 2ND REALTY LLC,1540,0,20.0,77.0,3,406350,0,,,1,990366.0,209779.0,40.7424693,-73.9779289,8d,,New York
MN,1347,21,106.0,4.0,10022.0,17.0,347 EAST 54 STREET,NY,V1,11,,"AURORA DEL MAR, LLC",2008,0,20.0,100.42,5,614250,0,,,1,994013.0,215004.0,40.7568074,-73.9647602,8d,,New York
MN,695,3,104.0,3.0,10011.0,10.0,186 11 AVENUE,NY,V1,11,,NICK & DUKE,4937,0,4938.0,100.0,5,1539450,0,,,1,982453.0,212177.0,40.7490532,-74.0064856,8b,,New York
MN,220,14,101.0,1.0,10013.0,1.0,63 VARICK STREET,NY,V1,11,C,NYC DEPARTMENT OF TRANSPORTATION,11053,0,175.0,62.25,3,2106450,0,,,1,982402.0,202378.0,40.7221573,-74.0066669,12a,,New York
MN,700,36,104.0,3.0,10001.0,10.0,327 10 AVENUE,NY,V1,11,,"PETER J. FILIBERTO, TRUSTEE",2470,0,24.67,100.0,3,1777050,0,,,1,983746.0,213060.0,40.751477,-74.0018191,8b,,New York
MN,699,37,104.0,3.0,10001.0,10.0,311 10 AVENUE,NY,V1,11,,"311 10TH AVENUE ASSOCIATES, LLC",2467,0,24.67,100.0,3,210150,0,,,1,983621.0,212836.0,40.7508621,-74.0022702,8b,,New York
MN,738,60,104.0,3.0,10011.0,10.0,336 WEST 15 STREET,NY,V1,11,,336 WEST 15TH STREET LLC,1528,0,18.75,81.5,5,317250,0,,,1,983254.0,209201.0,40.7408849,-74.0035942,8b,,New York
MN,53,12,101.0,1.0,10006.0,1.0,111 WASHINGTON STREET,NY,V1,11,,"CARLISLE NEW YORK APARTMENTS, LLC",11255,0,136.92,98.25,3,8145450,0,,,1,980389.0,197506.0,40.7087842,-74.0139263,12b,,New York
MN,52,16,101.0,1.0,10006.0,1.0,112 LIBERTY STREET,NY,V1,11,,HW LIBERTY LLC,6100,0,48.15,113.08,4,1638000,0,,,1,980896.0,197801.0,40.7095941,-74.0120978,12b,,New York
MN,482,9,102.0,1.0,10012.0,5.0,57 CROSBY STREET,NY,V1,11,,"AKASA HOLDINGS, LLC",2508,0,25.0,100.0,5,775800,0,,,1,984761.0,202353.0,40.7220889,-73.9981565,12c,,New York
MN,2030,38,110.0,9.0,10039.0,32.0,210 WEST 145 STREET,NY,V1,11,,GOSPEL SPREADING CHUR,12490,0,125.0,99.92,5,1058400,0,,,1,1000857.0,238651.0,40.8217018,-73.9399981,6a,,New York
MN,476,56,102.0,1.0,10013.0,1.0,30 THOMPSON STREET,NY,V1,11,,30 THOMPSON VENTURES LLC,2726,0,29.0,94.0,5,175500,0,,,1,983155.0,202664.0,40.7229425,-74.0039504,12a,,New York
MN,476,57,102.0,1.0,10013.0,1.0,32 THOMPSON STREET,NY,V1,11,,THOMPSON VENTURES LLC,2700,0,28.5,94.75,5,180900,0,,,1,983171.0,202689.0,40.7230111,-74.0038927,12a,,New York
MN,595,9,101.0,1.0,10013.0,1.0,536I CANAL STREET,NY,V1,11,,290 WEST VE LLC,538,0,24.0,22.0,6,45000,0,,,1,981304.0,203344.0,40.7248085,-74.0106286,12a,,New York
MN,162,43,103.0,1.0,10013.0,5.0,2 DOYERS STREET,NY,V1,11,X,HARRY&JANE FISCHEL FOUND,328,0,9.5,39.0,8,0,0,,,1,984855.0,199540.0,40.7143679,-73.9978176,12d,,New York
MN,702,175,104.0,3.0,10001.0,10.0,530 WEST 33 STREET,NY,V1,11,X,UNAVAILABLE OWNER,148065,0,206.0,267.0,3,0,0,,,1,983687.0,213962.0,40.7539527,-74.0020321,8b,,New York
MN,833,45,105.0,3.0,10001.0,14.0,316 5 AVENUE,NY,V1,11,,"5TH AVE GATEWAY LAND, LLC",4938,0,49.38,100.0,3,1381950,0,,,1,988155.0,211486.0,40.7471559,-73.9859068,8d,,New York
MN,863,1,105.0,4.0,10016.0,14.0,335 5 AVENUE,NY,V1,11,,J.P.K. ASSOCIATES LLC,5628,0,59.25,95.0,3,2720250,0,,,1,988501.0,211716.0,40.747787,-73.984658,8d,,New York
MN,517,14,102.0,1.0,10012.0,1.0,109 WEST HOUSTON STREET,NY,V1,11,X,CHURCH OF ST ANTHONY PADUA,2498,0,125.33,19.92,3,725850,0,,,1,983897.0,204275.0,40.7273643,-74.0012736,12a,,New York
MN,735,60,104.0,3.0,10018.0,10.0,438 WEST 38 STREET,NY,V1,11,,LOCKWOOD LTD,2913,0,29.5,98.75,5,893700,0,,,1,985249.0,214879.0,40.7564696,-73.9963941,8d,,New York
MN,735,59,104.0,3.0,10018.0,10.0,436 WEST 38 STREET,NY,V1,11,,LOCKWOOD LTD,2468,0,25.0,98.75,5,536850,0,,,1,985273.0,214866.0,40.7564339,-73.9963075,8d,,New York
MN,734,10,104.0,3.0,10018.0,10.0,439 WEST 36 STREET,NY,V1,11,,ZDJ 36 LLC,7406,0,75.0,98.75,5,424800,0,,,1,985034.0,214588.0,40.7556709,-73.9971702,8d,,New York
MN,553,44,102.0,2.0,10011.0,6.0,127 WAVERLY PLACE,NY,V1,11,,378 SIXTH LLC,51,0,0.05,50.92,8,1170,0,,,1,984367.0,206277.0,40.7328593,-73.9995778,12c,,New York
MN,444,1,103.0,2.0,10003.0,9.0,42 SECOND AVENUE,NY,V1,11,,SECOND AND SECOND PROPERTY LLC,14019,0,161.92,100.0,3,1629900,0,,,1,987062.0,203444.0,40.725083,-73.9898548,12c,,New York
MN,509,22,102.0,1.0,10012.0,5.0,49 EAST HOUSTON STREET,NY,V1,11,,49 EAST HOUSTON LLC,2025,0,23.5,86.42,5,731700,0,,,1,985714.0,203255.0,40.7245646,-73.9947182,12c,,New York
MN,464,31,103.0,2.0,10003.0,9.0,236 EAST 9 STREET,NY,V1,11,,DROBENKO BROS RLTY INC,1160,0,10.0,56.0,5,296100,0,,,1,987581.0,204985.0,40.7293125,-73.9879816,12c,,New York
MN,487,29,102.0,1.0,10012.0,1.0,144 SPRING STREET,NY,V1,11,,144 SPRING STREET LLC,1600,0,20.0,80.0,3,554850,0,,,1,983874.0,203072.0,40.7240624,-74.0013565,12a,,New York
MN,694,40,104.0,3.0,10011.0,10.0,512 WEST 23 STREET,NY,V4,11,P,NEW YORK CENTRAL LINES,12097,0,57.5,197.5,5,3516300,0,,,1,982868.0,211637.0,40.7475711,-74.0049877,8b,,New York
MN,609,12,102.0,3.0,10011.0,6.0,152 WEST 14 STREET,NY,V1,11,,152 W 14 REALTY LLC,2581,0,25.0,103.25,5,1008000,0,,,1,984431.0,208185.0,40.7380963,-73.9993469,8d,,New York
MN,603,53,102.0,3.0,10014.0,6.0,639 GREENWICH STREET,NY,V1,11,O,NYC SCHOOL CONSTRUCTION AUTHORITY,8166,0,75.25,105.75,3,3090600,0,,,1,982157.0,205806.0,40.7315663,-74.0075519,12a,,New York
MN,641,5,102.0,3.0,10014.0,6.0,497 WEST STREET,NY,V1,11,,134 JANE STREET LLC,10255,0,146.5,70.0,3,741150,0,,,1,981665.0,208146.0,40.7379889,-74.009328,8b,,New York
MN,605,44,102.0,3.0,10014.0,6.0,465 HUDSON STREET,NY,V1,11,X,THE BOARD OF MANAGERS OF THE DIOCESAN MI SSIONARY ETC.,6880,0,79.92,86.0,3,1571850,0,,,1,982336.0,205926.0,40.7318957,-74.0069061,12a,,New York
MN,686,29,104.0,3.0,10011.0,10.0,65 11 AVENUE,NY,V9,11,X,NYS DEPARTMENT OF TRANSPORTATION,24700,0,206.5,79.67,3,6383700,0,,,1,981952.0,209860.0,40.7426935,-74.0082929,8b,,New York
MN,715,3,104.0,3.0,10011.0,10.0,118 TENTH AVENUE,NY,V1,11,,B&R TENTH AVENUE LLC,12172,0,124.0,100.0,5,1906650,0,,,1,982501.0,210408.0,40.7441977,-74.0063119,8b,,New York
MN,645,21,102.0,3.0,10014.0,6.0,51 LITTLE WEST 12 ST,NY,V1,11,,LITTLE W 12TH ST INC.,2581,0,25.0,103.25,5,564750,0,,,1,981954.0,209132.0,40.7406953,-74.0082855,8b,,New York
MN,757,20,104.0,3.0,10001.0,14.0,321 WEST 33 STREET,NY,V1,11,,BPREP 33/34 PARCEL LLC,2624,0,33.33,78.75,5,1456650,0,,,1,985650.0,213310.0,40.7521631,-73.994947,8d,,New York
MN,735,25,104.0,3.0,10018.0,10.0,9 AVENUE,NY,V1,11,,ZDJ HUDSON YARDS LLC,8559,0,74.08,109.76,3,2434500,0,,,1,985594.0,214553.0,40.7555748,-73.9951489,8d,,New York
MN,784,17,105.0,3.0,10001.0,14.0,245 WEST 34 STREET,NY,V1,11,,HW W 34TH ST LLC,4509,0,45.66,98.75,5,2502900,0,,,1,986422.0,213232.0,40.7519488,-73.9921607,8d,,New York
MN,784,1,105.0,3.0,10001.0,14.0,480 8 AVENUE,NY,V1,11,,VORNADO NEW YORK RRONE,3505,0,58.42,60.0,3,2062350,0,,,1,986166.0,213348.0,40.7522673,-73.9930846,8d,,New York
MN,784,7,105.0,3.0,10001.0,14.0,265 WEST 34 STREET,NY,V1,11,,265 WEST 34TH STREET OWNER LLC,1690,0,21.67,78.0,5,1092600,0,,,1,986227.0,213327.0,40.7522096,-73.9928645,8d,,New York
MN,784,4,105.0,3.0,10001.0,14.0,486 8 AVENUE,NY,V1,11,,486 8TH AVENUE OWNER LLC,1178,0,19.64,60.0,5,424350,0,,,1,986187.0,213385.0,40.7523688,-73.9930088,8d,,New York
MN,884,18,105.0,2.0,10016.0,13.0,122 LEXINGTON AVENUE,NY,V1,11,,120 LEXINGTON AVE. CORP.,1517,0,19.33,78.5,5,558450,0,,,1,989072.0,209931.0,40.7428874,-73.9825985,8d,,New York
MN,884,19,105.0,2.0,10016.0,13.0,124 LEXINGTON AVENUE,NY,V1,11,,120 LEXINGTON AVE. CORP.,1540,0,19.5,78.5,5,558450,0,,,1,989081.0,209948.0,40.742934,-73.982566,8d,,New York
MN,831,49,105.0,3.0,10001.0,14.0,16 WEST 30 STREET,NY,V1,11,,HFZ KIK 30TH STREET OWNER LLC,2666,0,27.0,98.75,5,1027350,0,,,1,987708.0,211120.0,40.7461515,-73.9875202,8d,,New York
MN,581,45,102.0,3.0,10014.0,6.0,388 HUDSON STREET,NY,V9,11,C,NYC DEPARTMENT OF ENVIRONMENTAL PROTECTION,25000,0,200.0,125.0,3,8634150,0,,,1,982405.0,204906.0,40.7290961,-74.0066568,12a,,New York
MN,731,22,104.0,3.0,10001.0,10.0,431 WEST 33 STREET,NY,V1,11,X,PORT AUTHORITY OF NY AND NJ,7406,0,75.0,98.75,5,1665450,0,,,1,984772.0,213808.0,40.75353,-73.9981159,8d,,New York
MN,731,40,104.0,3.0,10001.0,10.0,413 9TH AVENUE,NY,V1,11,,ROMEO-KILO CORP,9480,0,98.75,100.0,5,186750,0,,,1,985101.0,213646.0,40.7530854,-73.9969285,8d,,New York
MN,455,52,103.0,2.0,10003.0,9.0,327 EAST 13 STREET,NY,V1,11,,"NYEEI HOUSING COMPANY, INC.",14255,0,138.0,103.25,5,5190300,0,,,1,988616.0,205747.0,40.7314035,-73.9842468,12c,,New York
MN,434,48,103.0,2.0,10009.0,9.0,419 EAST 6 STREET,NY,V1,11,,"BFAB, LLC",1703,0,18.75,90.83,5,468900,0,,,1,988366.0,203852.0,40.7262024,-73.98515,12c,,New York
MN,489,25,102.0,1.0,10012.0,1.0,83 THOMPSON STREET,NY,V1,11,,SPRING STREET OWNER LLC,4535,0,66.92,100.0,3,1134321,0,Sullivan-Thompson Historic District,,1,983439.0,203345.0,40.7248117,-74.0029259,12a,,New York
MN,609,39,102.0,3.0,10011.0,6.0,525 AVENUE OF THE AMERICAS,NY,V1,11,,525 6TH AVE LLC,12900,0,125.0,106.5,5,3146850,0,,,1,984979.0,207883.0,40.7372674,-73.9973694,12c,,New York
MN,707,13,104.0,3.0,10001.0,10.0,537 WEST 35 STREET,NY,V1,11,X,NYS CONVENTION CENTER DEVELOPMENT CORPORATION,945,0,99.38,15.13,3,156600,0,,,1,984142.0,214800.0,40.7562528,-74.0003898,8d,,New York
MN,866,71,105.0,4.0,10016.0,14.0,6 EAST 37 STREET,NY,V1,11,,9 EAST 36TH,4938,0,50.0,98.75,5,2538000,0,,,1,989074.0,212469.0,40.7498535,-73.9825895,8d,,New York
MN,763,46,104.0,3.0,10018.0,14.0,308 WEST 40 STREET,NY,V1,11,,308 REALTY HOLDING LLC,2469,0,25.0,98.75,5,561150,0,,,1,986572.0,214735.0,40.7560741,-73.9916188,8d,,New York
MN,763,17,104.0,3.0,10018.0,14.0,335 WEST 39 STREET,NY,V1,11,,"335 WEST 39TH STREETREALTY COMPANY,",2475,0,25.0,98.75,5,137700,0,,,1,986259.0,214794.0,40.7562361,-73.9927485,8d,,New York
MN,708,1,104.0,3.0,10018.0,10.0,438 11 AVENUE,NY,V1,11,,"438-444 ELEVENTH AVENUE, LLC",40809,0,98.75,283.01,3,10208700,0,,,1,984205.0,215085.0,40.7570351,-74.0001624,8d,,New York
MN,707,1,104.0,3.0,10018.0,10.0,418 11 AVENUE,NY,V1,11,X,NEW YORK CONVENTION CENTER,49375,0,197.5,250.0,3,21676500,0,,,1,984048.0,214899.0,40.7565246,-74.0007291,8d,,New York
MN,831,29,105.0,3.0,10001.0,14.0,9 WEST 29 STREET,NY,V1,11,,HFZ KIK 30TH STREET OWNER LLC,2765,0,28.0,98.75,5,1169550,0,,,1,987681.0,211019.0,40.7458743,-73.9876177,8d,,New York
MN,831,28,105.0,3.0,10001.0,14.0,11 WEST 29 STREET,NY,V1,11,,HFZ KIK 30TH STREET OWNER LLC,2469,0,25.0,98.75,5,2073150,0,,,1,987658.0,211031.0,40.7459072,-73.9877007,8d,,New York
MN,571,27,102.0,2.0,10003.0,6.0,126 REAR UNIVERSITY PLACE,NY,V1,11,,THE NEW SCHOOL,546,0,25.0,21.83,5,13500,0,,,1,986323.0,207068.0,40.7350302,-73.9925199,12c,,New York
MN,2215,65,208.0,10.0,10463.0,50.0,170 WEST 225 STREET,NY,V1,11,,168 W. 225TH LLC,24550,0,189.47,100.0,5,2406150,0,,,1,1008283.0,258297.0,40.8756072,-73.9130972,1b,,New York
MN,2214,1,112.0,10.0,10034.0,34.0,5094 BROADWAY,NY,V1,11,,THE TRUSTEES OF COLUMBIA UNIV. IN THE CI TY OF NY,17655,0,129.5,141.92,3,186300,0,,,1,1008193.0,256697.0,40.8712159,-73.9134284,1b,,New York
MN,572,41,102.0,2.0,10011.0,6.0,14 5 AVENUE,NY,V1,11,,FIFTH AVENUE OWNERS GROUP LLC,5255,0,52.5,100.0,5,760500,0,Greenwich Village Historic District,,1,985229.0,206202.0,40.7326534,-73.9964676,12c,,New York
MN,920,28,106.0,4.0,10016.0,17.0,729 2ND AVENUE,NY,V1,11,,NEW SECOND AVENUE OWNER LLC,10763,0,123.44,105.0,3,2245500,0,,,1,991532.0,211889.0,40.7482599,-73.9737188,8d,,New York
MN,632,1,102.0,3.0,10014.0,6.0,685 WASHINGTON STREET,NY,V1,11,,"WASHINGTON 685,",2217,0,51.0,61.17,3,627750,0,,,1,981959.0,206786.0,40.7342561,-74.0082666,12a,,New York
MN,515,14,102.0,1.0,10012.0,1.0,477 WEST BROADWAY,NY,V1,11,,BLDG 03 LLC,925,0,18.5,50.0,5,236250,0,,,1,984283.0,204019.0,40.7266617,-73.9998809,12c,,New York
MN,709,14,104.0,3.0,10018.0,10.0,545 WEST 37 STREET,NY,V1,11,,PANORAMIC HUDSON LLC,17281,0,75.0,98.75,5,6558300,0,,,1,984404.0,215299.0,40.7576225,-73.9994441,8d,,New York
MN,641,1,102.0,3.0,10014.0,6.0,489 WEST STREET,NY,V1,11,,489 WEST STREET PARTNERS LLC,1826,0,22.58,80.0,3,591300,0,,,1,981626.0,208029.0,40.7376678,-74.0094687,12a,,New York
MN,407,39,103.0,2.0,10009.0,9.0,543 EAST 13 STREET,NY,V1,11,,DORA COLLAZO PLAZA IMITED PARTNERSHIP,2581,0,25.0,103.25,5,678150,0,,,1,990117.0,204915.0,40.729119,-73.9788317,12c,,New York
MN,1262,30,105.0,4.0,10036.0,18.0,11 WEST 46 STREET,NY,V1,11,,46/47 OWNER LLC,2151,0,21.42,100.42,5,1195650,0,,,1,989883.0,214908.0,40.7565475,-73.9796676,8d,,New York
MN,1262,130,105.0,4.0,10036.0,18.0,9 WEST 46 STREET,NY,V1,11,,9 WEST 46TH OWNER LLC,2151,0,21.42,100.42,5,1195650,0,,,1,989902.0,214897.0,40.7565173,-73.979599,8d,,New York
MN,1262,45,105.0,4.0,10036.0,18.0,10 WEST 47 STREET,NY,V1,11,,46/47 OWNER LLC,6451,0,64.25,100.42,5,6412500,0,,,1,989913.0,215008.0,40.7568219,-73.9795592,8d,,New York
MN,92,10,101.0,1.0,10038.0,1.0,57 ANN STREET,NY,V1,11,,57 ANN ST RLTY ASSOCS,10925,0,53.42,115.5,5,1134450,0,,,1,982469.0,198098.0,40.7104098,-74.0064241,12b,,New York
MN,30,4,101.0,1.0,10004.0,1.0,78 PEARL STREET,NY,V1,11,,SHAA ASSOCIATES LLC,2291,0,29.5,77.67,5,2676150,0,,,1,981405.0,195674.0,40.7037562,-74.0102609,12b,,New York
MN,25,7,101.0,1.0,10004.0,1.0,43 BROAD STREET,NY,V1,11,,MADISON 45 BROAD DEVELOPMENT LLC,13202,0,63.44,128.12,5,15075000,2012,,,1,981208.0,196324.0,40.7055402,-74.0109717,12b,,New York
MN,751,20,104.0,3.0,10001.0,10.0,341 8TH AVENUE,NY,V1,11,,MUTUAL REDEVELOPMENT HOUSES INC,40261,0,163.0,247.0,0,690300,0,,,1,984966.0,211686.0,40.7477057,-73.9974159,8d,,New York
MN,171,5,101.0,1.0,10013.0,5.0,358 BROADWAY,NY,V1,11,,FRANKLIN BROADWAY HOLDINGS LLC,9555,20,28.0,175.0,5,603000,1900,,,1,983366.0,200513.0,40.7170385,-74.0031889,12a,,New York
MN,98,1,101.0,1.0,10038.0,1.0,304 PEARL STREET,NY,V1,11,,"250 SEAPORT DISTRICT, LLC",47880,0,333.0,190.42,1,8274150,0,,,1,983507.0,197296.0,40.7082086,-74.0026799,12b,,New York
MN,95,35,101.0,1.0,10038.0,1.0,50-58 CLIFF STREET,NY,V1,11,,SMH DEVELOPMENT LLC,6172,0,82.13,77.25,3,1205100,0,,,1,983132.0,197409.0,40.7085187,-74.0040325,12b,,New York
MN,637,21,102.0,3.0,10014.0,6.0,156 PERRY STREET,NY,V1,11,,156 PERRY STREET PARTNERS LLC,6426,0,20.0,79.67,5,4421700,0,,,1,981752.0,206886.0,40.7345305,-74.0090136,12a,,New York
MN,923,35,106.0,2.0,10003.0,13.0,305 FIRST AVENUE,NY,V1,11,,305 FIRST AVE OWNER LLC,7360,0,92.0,80.0,3,2283300,0,,,1,989470.0,206616.0,40.7337883,-73.9811648,12c,,New York
MN,124,9,101.0,1.0,10007.0,1.0,21 PARK PLACE,NY,V1,11,,"21 PARK PLACE, NY L.P.",1917,0,25.33,76.0,5,1311750,0,,,1,981861.0,199123.0,40.713223,-74.0086175,12b,,New York
MN,79,6,101.0,1.0,10038.0,1.0,75 NASSAU STREET,NY,V1,11,,"LEXIN NASSAU PARTNERS, LLC",5240,0,51.67,105.95,5,2790450,0,,,1,981923.0,197902.0,40.7098717,-74.0083935,12b,,New York
MN,79,4,101.0,1.0,10038.0,1.0,79 NASSAU STREET,NY,V1,11,,"LEXIN NASSAU PARTNERS, LLC",5320,0,51.25,105.95,5,2747700,0,,,1,981951.0,197943.0,40.7099842,-74.0082925,12b,,New York
MN,79,3,101.0,1.0,10038.0,1.0,83 NASSAU STREET,NY,V1,11,,"LEXIN NASSAU PARTNERS, LLC",2625,0,25.0,109.73,5,3388500,0,,,1,981972.0,197974.0,40.7100693,-74.0082167,12b,,New York
MN,79,27,101.0,1.0,10038.0,1.0,140 FULTON STREET,NY,V1,11,,140 FULTON ASSOCIATES LLC,5612,0,25.17,108.0,5,4156650,0,,,1,981903.0,198066.0,40.7103218,-74.0084657,12b,,New York
MN,830,69,105.0,3.0,10001.0,13.0,36 WEST 29 STREET,NY,V1,11,,40 WEST 29 LLC,6419,0,65.0,98.75,5,1878300,0,,,1,987199.0,211106.0,40.7461133,-73.9893572,8d,,New York
MN,64,21,101.0,1.0,10038.0,1.0,10 MAIDEN LANE,NY,V1,11,,"10-12 MLANE, LLC",3241,0,45.42,88.0,5,1498950,0,,,1,981622.0,197709.0,40.7093419,-74.0094791,12b,,New York
MN,528,186,102.0,3.0,10014.0,6.0,49 DOWNING STREET,NY,V1,11,,UNAVAILABLE OWNER,40,0,8.8,10.0,8,1170,0,,,1,983060.0,204946.0,40.729206,-74.0042936,12a,,New York
MN,171,7,101.0,1.0,10013.0,5.0,360 BROADWAY,NY,V1,11,,65 FRANKLIN LLC,6443,0,56.0,115.08,3,3432600,0,,,1,983323.0,200567.0,40.7171867,-74.003344,12a,,New York
MN,996,49,105.0,4.0,10036.0,14.0,136 WEST 44 STREET,NY,V1,11,,136 W44TH ST MIRROR LLC,3515,0,35.0,100.42,5,1892250,0,,,1,988472.0,214914.0,40.7565647,-73.9847606,8d,,New York
MN,1262,39,105.0,4.0,10036.0,18.0,574 5 AVENUE,NY,V1,11,,46/47 OWNER LLC,2500,0,25.0,100.0,5,1736550,0,,,1,990056.0,214914.0,40.7565638,-73.9790432,8d,,New York
MN,1262,42,105.0,4.0,10036.0,18.0,2 WEST 47 STREET,NY,V1,11,,"46/47 OWNER LLC, A DELAWARE LLC",8610,0,85.75,100.42,5,4598100,0,,,1,989979.0,214971.0,40.7567203,-73.979321,8d,,New York
MN,800,9,104.0,3.0,10011.0,13.0,157 WEST 24 STREET,NY,V1,11,,157 WEST 24TH STREET LODGING LLC,2057,0,20.83,98.75,5,1032300,0,,,1,985787.0,210594.0,40.7447083,-73.9944532,8d,,New York
MN,1260,4,105.0,4.0,10036.0,14.0,1150 AVENUE OF THE AMERICAS,NY,V1,11,,MONEAL 1150 OWNER LLC,7375,0,60.42,125.0,5,5126400,914,,,1,989076.0,214825.0,40.7563201,-73.9825805,8d,,New York
MN,1260,45,105.0,4.0,10036.0,14.0,8 WEST 45TH STREET,NY,V1,11,,8-16 WEST 45TH STREET LLC,9239,0,92.0,100.42,5,1877850,0,,,1,989659.0,214554.0,40.755576,-73.9804764,8d,,New York
MN,1676,48,111.0,8.0,10029.0,23.0,304 EAST 105 STREET,NY,V1,11,,304 E 105 ST LLC,2523,0,25.0,100.92,5,234450,0,,,1,1000157.0,226933.0,40.7895404,-73.942555,6b,,New York
MN,1675,9,111.0,8.0,10029.0,23.0,311 EAST 103 STREET,NY,V1,11,X,EXODUS SCHOOL,2523,0,25.0,100.92,5,234450,0,,,1,1000069.0,226564.0,40.7885278,-73.9428737,6b,,New York
MN,1622,35,111.0,9.0,10035.0,25.0,1644 PARK AVENUE,NY,V1,11,,SPANISH CHRISTIAN CHURCH,2273,0,25.25,90.0,5,362250,0,,,1,999921.0,230645.0,40.7997293,-73.9433986,6b,,New York
MN,1635,49,111.0,8.0,10029.0,23.0,152 EAST 108 STREET,NY,V1,11,,"152-156 REALTY ASSOCIATES,",1430,0,22.75,73.5,5,170550,0,,,1,999458.0,228284.0,40.7932498,-73.9450763,6b,,New York
MN,1635,150,111.0,8.0,10029.0,23.0,1731 LEXINGTON AVENUE,NY,V1,11,,108 LEXINGTON OPERATING LLC,1083,0,16.67,65.0,5,105300,0,,,1,999422.0,228312.0,40.7933267,-73.9452062,6b,,New York
MN,1682,3,111.0,8.0,10029.0,23.0,2150 2 AVENUE,NY,V1,11,,HARLEM VISTA LLC,2500,0,25.0,100.0,5,491400,0,,,1,1000839.0,228296.0,40.7932803,-73.9400887,6b,,New York
MN,1631,32,111.0,8.0,10029.0,23.0,167 EAST 103 STREET,NY,V1,11,,PEOPLES BAPTIST CHRCH IN,2523,0,25.0,100.92,5,194400,0,,,1,999075.0,227115.0,40.7900419,-73.946462,6b,,New York
MN,1655,19,111.0,8.0,10029.0,23.0,249 EAST 105 STREET,NY,V1,11,,BFC 105TH STREET LLC,1640,0,16.25,100.92,5,191700,0,,,1,999935.0,227237.0,40.7903752,-73.943356,6b,,New York
MN,1637,22,111.0,8.0,10029.0,23.0,153 EAST 109 STREET,NY,V1,11,,CARITAS DEVELOPMENT L,2523,0,25.0,100.92,5,256500,0,,,1,999619.0,228655.0,40.7942678,-73.9444939,6b,,New York
MN,1674,104,111.0,8.0,10029.0,23.0,303 EAST 102 STREET,NY,V1,11,C,NYC HOUSING PRESERVATION AND DEVELOPMENT,1898,0,25.0,75.92,5,264600,0,,,1,999824.0,226387.0,40.7880424,-73.9437588,6b,,New York
MN,1643,33,111.0,8.0,10029.0,25.0,2102 3 AVENUE,NY,V1,11,,"STARWOOD GROUP,",3420,0,47.67,71.75,3,80100,0,,,1,1000673.0,229836.0,40.7975074,-73.9406845,6b,,New York
MN,1162,57,107.0,6.0,10023.0,20.0,256 WEST 71 STREET,NY,V1,11,C,NYC DEPARTMENT OF PARKS AND RECREATION,1674,0,16.67,100.42,5,343800,0,,,1,988585.0,222948.0,40.7786159,-73.9843476,8c,,New York
MN,728,69,104.0,3.0,10001.0,10.0,358 10 AVENUE,NY,V1,11,,MCCOURT PARTNERS LLC,25775,0,98.75,100.0,3,17405100,0,,,1,984177.0,213332.0,40.7522236,-74.0002635,8d,,New York
MN,1272,69,105.0,4.0,10019.0,18.0,54 WEST 57 STREET,NY,V1,11,,5657 REALTY CORP,2513,0,25.0,100.42,5,1868850,0,,,1,990682.0,217568.0,40.763848,-73.9767811,8c,,New York
MN,1272,7,105.0,4.0,10019.0,18.0,57 WEST 56 STREET,NY,V1,11,,5657 REALTY CORP,2510,0,25.0,100.42,5,1020600,0,,,1,990652.0,217463.0,40.7635598,-73.9768895,8c,,New York
MN,1272,5,105.0,4.0,10019.0,18.0,61 WEST 56 STREET,NY,V1,11,,"5657 REALTY CORP.,",4600,0,46.0,100.42,5,3405600,0,,,1,990621.0,217480.0,40.7636065,-73.9770014,8c,,New York
MN,1272,70,105.0,4.0,10019.0,18.0,56 WEST 57 STREET,NY,V1,11,,5657 REALTY CORP.,2500,0,25.0,100.42,5,1859400,0,,,1,990661.0,217579.0,40.7638782,-73.9768569,8c,,New York
MN,1026,29,105.0,6.0,10019.0,18.0,842 SEVENTH AVENUE,NY,V1,11,,201 W 54 LLC,7542,0,75.42,100.0,3,4399650,0,,,1,989338.0,217581.0,40.7638845,-73.9816328,8c,,New York
MN,2170,26,112.0,10.0,10033.0,34.0,653 WEST 187 STREET,NY,V1,11,,653 WEST 187 LLC,1582,0,16.67,94.92,5,153900,0,,,1,1002914.0,250412.0,40.8539782,-73.9325333,3a,,New York
MN,2170,28,112.0,10.0,10033.0,34.0,657 WEST 187 STREET,NY,V1,11,,187 STREET MAZAL LLC,1582,0,16.67,94.92,5,153900,0,,,1,1002885.0,250428.0,40.8540222,-73.9326381,3a,,New York
MN,2170,29,112.0,10.0,10033.0,34.0,659 WEST 187 STREET,NY,V1,11,,187 STREET MAZAL LLC,1582,0,16.67,94.92,5,153900,0,,,1,1002871.0,250435.0,40.8540415,-73.9326887,3a,,New York
MN,2154,18,112.0,10.0,10033.0,34.0,552 WEST 182 STREET,NY,V1,11,,KASSAB OF W 182 LLC,1260,0,18.0,70.0,5,54900,0,,,1,1002989.0,248691.0,40.8492544,-73.932267,3a,,New York
MN,1171,162,107.0,6.0,10069.0,20.0,101 WEST END AVENUE,NY,V1,11,C,NYC DEPARTMENT OF TRANSPORTATION,10984,0,29.0,376.0,4,900,0,,,1,987345.0,221654.0,40.7750648,-73.9888254,8c,,New York
MN,1299,37,106.0,4.0,10017.0,17.0,710 3 AVENUE,NY,V1,11,,710 THIRD AVENUE PARTNERS LLC,2375,0,25.0,95.0,5,2008350,0,,,1,991577.0,213447.0,40.7525362,-73.9735547,8d,,New York
MN,1020,59,105.0,3.0,10019.0,18.0,244 WEST 49 STREET,NY,V1,11,,GORJIAN REALTY LLC,8034,0,80.0,100.42,5,1702350,0,,,1,988081.0,216620.0,40.7612474,-73.986171,8c,,New York
MN,1083,10,104.0,6.0,10019.0,18.0,539 WEST 54 STREET,NY,V1,11,,539 WEST 54TH STREET LLC,12552,0,125.0,100.42,5,1714050,0,,,1,986577.0,219125.0,40.7681235,-73.9915992,8c,,New York
MN,2180,87,112.0,10.0,10033.0,34.0,4261 BROADWAY,NY,V1,11,,BLDG MECOX LLC,22100,0,150.42,141.0,3,1650150,0,,,1,1001962.0,249180.0,40.8505987,-73.9359779,3a,,New York
MN,2156,19,112.0,10.0,10033.0,34.0,2506 AMSTERDAM AVENUE,NY,V1,11,X,YESHIVA UNIVERSITY,2500,0,25.0,100.0,5,189000,0,,,1,1003700.0,249076.0,40.8503096,-73.929696,3a,,New York
MN,2170,400,112.0,10.0,10040.0,34.0,44 FAIRVIEW AVENUE,NY,V1,11,,4452 BROADWAY OWNER LLC,16217,0,202.42,132.0,5,1083150,0,,,1,1003075.0,251298.0,40.8564097,-73.9319489,3a,,New York
MN,2170,30,112.0,10.0,10033.0,34.0,661 WEST 187 STREET,NY,V1,11,,187 STREET MAZAL LLC,1582,0,16.67,94.92,5,153900,0,,,1,1002856.0,250444.0,40.8540662,-73.9327429,3a,,New York
MN,2170,32,112.0,10.0,10040.0,34.0,667 WEST 187 STREET,NY,V1,11,,187 STREET MAZAL LLC,4496,0,50.0,89.92,5,432900,0,,,1,1002810.0,250466.0,40.8541267,-73.9329091,3a,,New York
MN,2164,52,112.0,10.0,10033.0,34.0,206 WADSWORTH AVENUE,NY,V1,11,,CAERUS WADSWORTH 184 LLC,14988,0,99.92,150.0,5,1319400,0,,,1,1002464.0,249536.0,40.8515748,-73.9341624,3a,,New York
MN,2180,93,112.0,10.0,10033.0,34.0,4271 BROADWAY,NY,V1,11,,BLDG MECOX LLC,3250,0,31.58,110.25,5,232650,0,,,1,1002013.0,249263.0,40.8508264,-73.9357933,3a,,New York
MN,2200,15,112.0,10.0,10034.0,34.0,416 WEST 204 STREET,NY,V1,11,,"CONSOLIDATED EDISON CO.OF N.Y.,INC.",14988,0,150.0,99.92,5,1476900,0,,,1,1006578.0,253287.0,40.8618607,-73.9192791,3a,,New York
MN,2149,8,112.0,10.0,10033.0,34.0,2461 AMSTERDAM AVENUE,NY,V1,11,,2461 AMSTERDAM I LLC,3550,0,36.0,100.0,5,262800,0,,,1,1003599.0,248490.0,40.8487014,-73.9300628,3b,,New York
MN,2156,142,112.0,10.0,10033.0,34.0,6 WASHINGTON TERRACE,NY,V1,11,,YESHIVA UNIVERSITY,1109,0,17.75,62.5,5,158400,0,,,1,1003695.0,249471.0,40.8513938,-73.9297129,3a,,New York
MN,2156,41,112.0,10.0,10033.0,34.0,2 WASHINGTON TERRACE,NY,V1,11,,CFIP CORP,1109,0,17.75,62.5,3,181350,0,,,1,1003713.0,249502.0,40.8514788,-73.9296478,3a,,New York
MN,1784,25,111.0,8.0,10035.0,25.0,2331 2 AVENUE,NY,V1,11,X,PECORA GROUP DEVELOPMENT LLC,2071,0,25.25,82.0,5,314550,0,,,1,1001863.0,230526.0,40.799399,-73.9363847,6b,,New York
MN,1667,29,111.0,8.0,10035.0,25.0,238 EAST 118 STREET,NY,V1,11,,"DEAN GROUP,",5046,0,50.0,100.92,5,528300,0,,,1,1001542.0,230148.0,40.7983621,-73.9375451,6b,,New York
MN,1784,9,111.0,8.0,10035.0,25.0,217 EAST 119 STREET,NY,V1,11,,B&D EAST 119 STREET REALTY LLC,5046,0,50.0,100.92,5,544500,0,,,1,1001525.0,230638.0,40.7997071,-73.9376052,6b,,New York
MN,1689,130,111.0,8.0,10035.0,25.0,312 EAST 118 STREET,NY,V1,11,,BRIJA FRANK,832,0,16.5,50.42,5,135900,0,,,1,1002247.0,229786.0,40.7973671,-73.9349997,6b,,New York
MN,1689,129,111.0,8.0,10035.0,25.0,314 EAST 118 STREET,NY,V1,11,,"BRIJA, ISA",832,0,16.5,50.42,5,135900,0,,,1,1002261.0,229778.0,40.7973452,-73.9349492,6b,,New York
MN,1815,13,111.0,8.0,10035.0,25.0,521 EAST 118 STREET,NY,V1,11,,TIAGO PARKING HOLDINGS LLC,2061,0,20.42,100.92,5,164700,0,,,1,1003370.0,229317.0,40.7960775,-73.9309451,6b,,New York
MN,448,5,103.0,2.0,10003.0,9.0,112 2 AVENUE,NY,V1,11,,"THE MINISTER, ELDERS, AND DEACONS OF THE  REFORMED",6500,0,52.0,125.0,5,634500,0,East Village / Lower East Side Historic District,,1,987600.0,204376.0,40.7276409,-73.9879134,12c,,New York
MN,463,33,103.0,2.0,10003.0,9.0,123 2 AVENUE,NY,V1,11,,"123 SECOND AVE, CORP.",2500,0,25.0,100.0,5,656550,0,East Village / Lower East Side Historic District,,1,987503.0,204629.0,40.7283354,-73.9882632,12c,,New York
MN,1666,23,111.0,8.0,10035.0,25.0,2269 2 AVENUE,NY,V1,11,X,EL CEMI HOUSING DEVELOPMENT FUND CORP,1800,0,20.0,90.0,5,369000,0,,,1,1001465.0,229821.0,40.7974648,-73.937824,6b,,New York
MN,1667,120,111.0,8.0,10035.0,25.0,247 EAST 117 STREET,NY,V1,11,,247 E 117 STREET LLC,4162,0,55.0,75.67,5,769950,0,,,1,1001531.0,230021.0,40.7980136,-73.9375851,6b,,New York
MN,275,2,103.0,1.0,10002.0,5.0,127 MADISON STREET,NY,V1,11,C,NYC DEPARTMENT OF TRANSPORTATION,116,0,8.67,30.0,8,2250,0,,,1,985953.0,198845.0,40.7124601,-73.9938571,12d,,New York
MN,1995,40,109.0,7.0,10027.0,26.0,614 WEST 125 STREET,NY,V1,11,X,THE TRUSTEES OF COLUMBIA UNIVERSITY IN T HE CITY OF,13975,0,125.67,150.0,5,465750,0,,,1,995535.0,236624.0,40.8161467,-73.9592302,5c,,New York
MN,1998,29,109.0,7.0,10027.0,26.0,3259 BROADWAY,NY,V1,11,X,TRUSTEES OF COLUMBIA UNIVERSITY IN THE C ITY OF NEW,19983,0,199.83,100.0,3,2291850,0,,,1,996125.0,237311.0,40.8180315,-73.9570974,5c,,New York
MN,1622,36,111.0,9.0,10035.0,25.0,1646 PARK AVENUE,NY,V1,11,,"MURAMATSU, KAORU DEMLER",2272,0,25.25,90.0,5,72000,0,,,1,999933.0,230668.0,40.7997924,-73.9433552,6b,,New York
MN,440,4,103.0,2.0,10009.0,9.0,206 GARAGE 1 AVENUE,NY,V1,11,,407 CONDOMINIUM C/O K,592,0,0.0,0.0,6,149400,0,,,1,988988.0,205284.0,40.7301325,-73.9829049,12c,,New York
MN,1996,56,109.0,7.0,10027.0,26.0,651 WEST 125 STREET,NY,V1,11,X,THE TRUSTEES OF COLUMBIA UNIVERSITY,13492,0,111.58,120.92,5,1908900,0,,,1,995419.0,237167.0,40.8176372,-73.9596483,5c,,New York
MN,1998,3,109.0,7.0,10027.0,26.0,2307 JOE DIMAGGIO HIGHWAY,NY,V1,11,X,TRUSTEES OF COLUMBIA UNIVERSITY IN THE C ITY OF NEW,6992,0,69.92,100.0,5,989100,0,,,1,995513.0,237610.0,40.818853,-73.959308,5c,,New York
MN,1998,1,109.0,7.0,10027.0,26.0,2301 JOE DIMAGGIO HIGHWAY,NY,V1,11,X,TRUSTEES OF COLUMBIA UNIVERSITY IN THE C ITY OF NEW,3000,0,30.0,100.0,3,298800,0,,,1,995489.0,237567.0,40.818735,-73.9593948,5c,,New York
MN,1996,14,109.0,7.0,10027.0,26.0,637 WEST 125 STREET,NY,V1,11,,THE TRUSTEES OF COLUMBIA UNIVERSITY,23707,0,166.73,195.2,4,3324600,0,,,1,995516.0,237077.0,40.8173901,-73.959298,5c,,New York
MN,1994,59,109.0,7.0,10027.0,26.0,179 CLAREMONT AVENUE,NY,V1,11,,TRUSTEES OF COLUMBIA UNIVERSITY,2500,0,25.0,100.0,5,382050,0,,,1,995075.0,235993.0,40.8144153,-73.960893,5c,,New York
MN,1754,141,111.0,9.0,10037.0,25.0,68 EAST 130 STREET,NY,V1,11,,"MS II TP4 HOUSING DEVELOPMENT FUND COMPA NY, INC.",1665,0,16.67,99.92,5,153900,0,,,1,1001567.0,233760.0,40.808276,-73.9374455,6a,,New York
MN,1754,142,111.0,9.0,10037.0,25.0,64 EAST 130 STREET,NY,V1,11,,"MS II TP4 HOUSING DEVELOPMENT FUND COMPA NY, INC.",1665,0,16.67,99.92,5,153900,0,,,1,1001537.0,233776.0,40.80832,-73.9375538,6a,,New York
MN,1959,53,110.0,9.0,10030.0,32.0,316 WEST 135 STREET,NY,V1,11,,MT ARARAT BAPTIST CH,2068,0,24.83,99.92,5,147150,0,,,1,998748.0,236813.0,40.8166607,-73.947622,6a,,New York
MN,1830,56,110.0,9.0,10026.0,28.0,270 WEST 115 STREET,NY,V1,11,O,NYC HOUSING AUTHORITY,2523,0,25.0,100.92,5,234450,0,,,1,996661.0,231908.0,40.8032011,-73.9551709,6b,,New York
MN,885,6,105.0,2.0,10016.0,14.0,103 EAST 29 STREET,NY,V1,11,,"MONTANA REAL ESTATE, INC.",3761,0,45.0,98.75,5,945000,0,,,1,988956.0,210304.0,40.7439112,-73.9830169,8d,,New York
MN,884,59,106.0,2.0,10016.0,13.0,132 EAST 29 STREET,NY,V1,11,,WEXINGTON ROSEHILL LLC,1975,0,20.0,98.75,5,414450,0,,,1,989308.0,209936.0,40.7429009,-73.9817468,8d,,New York
MN,1828,10,110.0,9.0,10026.0,28.0,255 WEST 112 STREET,NY,V1,11,C,NYC DEPARTMENT OF EDUCATION,12312,0,122.0,100.92,5,1163700,0,,,1,996418.0,231326.0,40.801604,-73.9560497,6b,,New York
MN,1829,111,110.0,9.0,10026.0,28.0,261 WEST 113 STREET,NY,V1,11,O,NYC HOUSING AUTHORITY,1817,0,18.0,100.92,5,168750,0,,,1,996533.0,231561.0,40.8022488,-73.9556339,6b,,New York
MN,1976,19,109.0,7.0,10027.0,26.0,517 WEST 121 STREET,NY,V1,11,X,TEACHERS COLLEGE COLUMBIA UNIVERITY,12000,0,50.0,191.83,5,1780650,0,,,1,995398.0,234696.0,40.810855,-73.9597283,5c,,New York
MN,1831,63,110.0,9.0,10026.0,28.0,2140 FREDRICK DOUGLASS BL,NY,V1,11,,BATIA REALTY CORP,2546,0,25.46,100.0,5,324900,0,,,1,996637.0,232204.0,40.8040135,-73.9552571,6b,,New York
MN,1998,38,109.0,7.0,10027.0,26.0,602 WEST 132 STREET,NY,V1,11,,TRUSTEES OF COLUMBIA UNIVERSITY IN THE C ITY OF NEW,4996,0,50.0,99.92,5,181800,0,,,1,996082.0,237391.0,40.8182512,-73.9572526,5c,,New York
MN,1683,50,111.0,8.0,10029.0,23.0,2174 2 AVENUE,NY,V1,11,,"COAKLEY, SEAN P.",1875,0,25.0,75.0,5,325350,0,,,1,1001004.0,228618.0,40.7941637,-73.939492,6b,,New York
MN,1927,3,110.0,9.0,10027.0,28.0,2262 8 AVENUE,NY,V1,11,,"SUN STAR REAL ESTATE DEVELOPMENT 2021B, LLC",2400,0,24.25,100.0,5,354600,0,,,1,997381.0,233549.0,40.8077041,-73.952567,6a,,New York
MN,1944,42,110.0,9.0,10026.0,28.0,314 WEST 118 STREET,NY,V1,11,,2173 EQUITIES LLC,2018,0,20.0,100.92,5,187200,0,,,1,996585.0,232893.0,40.8059047,-73.9554436,6a,,New York
MN,1947,41,110.0,9.0,10027.0,28.0,310 WEST 121 STREET,NY,V1,11,,MLMG ASSOCIATES LLC,2725,0,27.0,100.92,5,223200,0,,,1,996967.0,233580.0,40.8077898,-73.9540625,6a,,New York
MN,1912,61,110.0,9.0,10027.0,32.0,2159 ADAM C POWELL BLVD,NY,V1,11,,FAMOUS INDUSTRIES INC,2319,0,30.92,75.0,3,243450,0,,,1,999017.0,234617.0,40.8106329,-73.946655,6a,,New York
MN,1955,7,110.0,9.0,10027.0,32.0,305 WEST 128 STREET,NY,V1,11,,ORANGE BRICK GARAGECORP,9992,0,50.0,199.84,4,1248750,0,,,1,998076.0,235342.0,40.8126243,-73.9500528,6a,,New York
MN,1831,2,110.0,9.0,10026.0,28.0,2136 FREDERICK DOUGLASS BOULEVARD,NY,V1,11,,"2136 FREDERICK DOUGLASS BOULEVARD, LLC",10000,0,100.0,100.0,5,319050,0,,,1,996588.0,232116.0,40.8037721,-73.9554342,6b,,New York
MN,1895,68,109.0,7.0,10025.0,26.0,618 WEST 114 STREET,NY,V1,11,,TRUSTEES OF COLUMBIA UNIVERSITY,2523,0,25.0,100.92,5,652950,0,,,1,993669.0,233268.0,40.8069376,-73.9659763,5c,,New York
MN,1940,126,110.0,9.0,10030.0,32.0,209 WEST 134 STREET,NY,V1,11,,ABYSSINIAN CULTURAL BUILDING CORP,1699,0,17.0,99.92,5,238500,0,,,1,999559.0,236240.0,40.8150867,-73.9446933,6a,,New York
MN,1940,8,110.0,9.0,10030.0,32.0,261 WEST 134 STREET,NY,V4,11,C,NYC POLICE DEPARTMENT,4696,0,47.0,99.92,5,381600,0,,,1,999168.0,236457.0,40.8156829,-73.9461054,6a,,New York
MN,1969,6,109.0,7.0,10027.0,26.0,487 WEST 129 STREET,NY,V1,11,,487 W 129TH ST PERMANENT HOUSING DEV FUN D CORP,9878,0,97.5,99.92,0,2338650,0,,,1,996986.0,236237.0,40.8150825,-73.9539888,6a,,New York
MN,1967,89,109.0,7.0,10027.0,26.0,460 WEST 128 STREET,NY,V1,11,,J128 LLC,24366,0,200.33,99.0,5,1696050,0,,,1,996850.0,235776.0,40.8138174,-73.954481,6a,,New York
MN,1969,78,109.0,7.0,10027.0,26.0,498 WEST 130 STREET,NY,V1,11,,"130 LENOX, INC.",1246,0,25.0,49.83,5,141300,0,,,1,996925.0,236361.0,40.8154229,-73.9542089,6a,,New York
MN,1950,55,109.0,9.0,10027.0,26.0,4 HANCOCK PLACE,NY,V1,11,,"FAISON, GEORGE",3051,0,39.42,83.58,5,216900,0,,,1,997048.0,234405.0,40.8100541,-73.9537683,6a,,New York
MN,1996,61,109.0,7.0,10027.0,26.0,663 WEST 125 STREET,NY,V1,11,X,THE TRUSTEES OF COLUMBIA UNIVERSITY,5025,0,139.42,71.25,3,760050,0,,,1,995343.0,237237.0,40.8178294,-73.9599228,5c,,New York
MN,1220,49,107.0,6.0,10024.0,24.0,136 WEST 90 STREET,NY,V1,11,C,NYC DEPARTMENT OF PARKS AND RECREATION,10070,0,100.0,100.0,5,1028250,0,,,1,991996.0,226920.0,40.7895157,-73.9720269,5d,,New York
MN,1754,67,111.0,9.0,10037.0,25.0,6 EAST 130 STREET,NY,V1,11,,PHILADELPHIA COMM. SE,1665,0,16.67,99.92,5,154350,0,,,1,1001012.0,234069.0,40.8091252,-73.9394495,6a,,New York
MN,1754,61,111.0,9.0,10037.0,25.0,24 EAST 130 STREET,NY,V1,11,,PHILADEPHIA COMMUNITY,1665,0,16.67,99.92,5,154350,0,,,1,1001142.0,233995.0,40.8089219,-73.9389801,6a,,New York
MN,1753,108,111.0,9.0,10035.0,25.0,13 EAST 128 STREET,NY,V1,11,,128 STREET DEVELOPERS LLC,1932,0,19.33,99.92,5,134100,0,,,1,1000886.0,233724.0,40.8081785,-73.9399055,6a,,New York
MN,1754,167,111.0,9.0,10037.0,25.0,4 EAST 130 STREET,NY,V1,11,,PHILADELPHIA COMM. SE,1665,0,16.67,99.92,5,154350,0,,,1,1000996.0,234077.0,40.8091472,-73.9395073,6a,,New York
MN,1122,37,107.0,6.0,10023.0,20.0,8 WEST 70 STREET,NY,V1,11,X,TRUST CONG SHEARITH I,6427,0,64.0,100.42,3,1484550,0,Upper West Side / Central Park West Historic District,,1,990442.0,221620.0,40.7749698,-73.9776437,8c,,New York
MN,1966,141,109.0,7.0,10027.0,26.0,461 WEST 125 STREET,NY,V1,11,,TSTY 125TH STREET LLC,2500,0,25.0,100.0,0,342000,0,,,1,996538.0,235515.0,40.8131015,-73.9556086,6a,,New York
MN,1967,9,109.0,7.0,10027.0,26.0,429 WEST 126 STREET,NY,V1,11,,423 COLUMBIA REALTY LLC,1200,0,28.17,75.0,5,198000,0,,,1,996859.0,235462.0,40.8129555,-73.9544491,6a,,New York
MN,1914,146,110.0,9.0,10027.0,32.0,132 WEST 130 STREET,NY,V1,11,,"132 WEST 130TH, LLC",1749,0,17.5,99.92,5,22950,0,Central Harlem West -- 130-132nd Street Historic District,,1,999590.0,234854.0,40.8112824,-73.9445845,6a,,New York
MN,1941,27,110.0,9.0,10030.0,32.0,203 WEST 135 STREET,NY,V1,11,C,NYC HOUSING PRESERVATION AND DEVELOPMENT,2498,0,25.0,99.92,5,193950,0,,,1,999717.0,236496.0,40.815789,-73.944122,6a,,New York
MN,1943,25,110.0,9.0,10026.0,28.0,311 WEST 116 STREET,NY,V1,11,,388 MANHATTAN AVE CORP             C/O Y UCO MANGERMENT INC.,2523,0,25.0,100.92,5,234450,0,,,1,996445.0,232555.0,40.8049772,-73.95595,6a,,New York
MN,1944,40,110.0,9.0,10026.0,28.0,310 WEST 118 STREET,NY,V1,11,,2173 EQUITIES LLC,2523,0,25.0,100.92,5,234450,0,,,1,996622.0,232873.0,40.8058498,-73.95531,6a,,New York
MN,1807,122,111.0,8.0,10035.0,25.0,451 EAST 119 STREET,NY,V1,11,,HOLY ROSARY CHURCH,3835,0,38.0,100.92,5,396450,0,,,1,1003061.0,229787.0,40.7973682,-73.9320598,6b,,New York
MN,1720,2,110.0,9.0,10027.0,28.0,204 LENOX AVENUE,NY,V1,11,,"130 LENOX, INC.",1600,0,20.0,80.0,5,151200,0,,,1,998836.0,232430.0,40.8046305,-73.9473136,6a,,New York
MN,1791,46,111.0,8.0,10035.0,25.0,2321 3 AVENUE,NY,V9,11,C,NYC HOUSING PRESERVATION AND DEVELOPMENT,6983,0,69.83,100.0,3,750150,0,,,1,1002274.0,232346.0,40.8043936,-73.9348954,6b,,New York
MN,1730,7,110.0,9.0,10037.0,32.0,73 WEST 132 STREET,NY,V1,11,,"73-77 WEST 132ND STREET HOLDINGS, LLC",5620,0,56.25,99.92,5,499050,0,,,1,1000478.0,235138.0,40.8120603,-73.941376,6a,,New York
MN,1729,61,110.0,9.0,10037.0,32.0,64 WEST 132 STREET,NY,V1,11,,EAST 132ND ST LLC,1874,0,18.75,99.92,5,231300,0,,,1,1000496.0,234948.0,40.8115388,-73.9413114,6a,,New York
MN,1784,102,111.0,8.0,10035.0,25.0,3 AVENUE,NY,V1,11,,19 CRESCENT CORP,25,0,0.25,66.83,8,1305,0,,,1,1001389.0,230687.0,40.7998418,-73.9380963,6b,,New York
MN,1795,11,111.0,8.0,10035.0,25.0,317 EAST 118 STREET,NY,V1,11,X,PROJECT LINKAGE HOUSING DEVELOPMENT FUND  CORP,2523,0,25.0,100.92,5,273150,0,,,1,1002053.0,230047.0,40.7980839,-73.9356997,6b,,New York
MN,1795,3,111.0,8.0,10035.0,25.0,2306 2 AVENUE,NY,V1,11,,"FROM , AARON",2160,0,27.0,80.0,5,433350,0,,,1,1001866.0,230169.0,40.7984191,-73.9363748,6b,,New York
MN,1786,35,111.0,8.0,10035.0,25.0,232 EAST 122 STREET,NY,V1,11,,CLARKE PATRICK,1901,0,18.83,100.92,5,195300,0,,,1,1001949.0,231121.0,40.801032,-73.9360725,6b,,New York
MN,1796,2,111.0,8.0,10035.0,25.0,2324 2 AVENUE,NY,V1,11,,2324 2ND AVE LLC,1875,0,25.0,75.0,5,397350,0,,,1,1001977.0,230374.0,40.7989816,-73.9359734,6b,,New York
MN,1784,26,111.0,8.0,10035.0,25.0,2333 2 AVENUE,NY,V1,11,X,PECORA GROUP DEVELOPMENT LLC,2071,0,25.25,82.0,5,314550,0,,,1,1001875.0,230548.0,40.7994594,-73.9363413,6b,,New York
MN,1788,19,111.0,8.0,10035.0,25.0,245 EAST 123 STREET,NY,V1,11,,245 EAST 123RD STREET LLC,2725,0,27.0,100.92,5,174600,0,,,1,1002246.0,231436.0,40.8018959,-73.9349989,6b,,New York
MN,1784,28,111.0,8.0,10035.0,25.0,2337 2 AVENUE,NY,V1,11,X,PECORA GROUP DEVELOPMENT LLC,2064,0,25.17,82.0,3,314100,0,,,1,1001900.0,230593.0,40.7995828,-73.9362509,6b,,New York
MN,1784,27,111.0,8.0,10035.0,25.0,2335 2 AVENUE,NY,V1,11,X,PECORA GROUP DEVELOPMENT LLC,2071,0,25.25,82.0,5,314550,0,,,1,1001887.0,230570.0,40.7995197,-73.9362979,6b,,New York
MN,1824,21,110.0,9.0,10026.0,28.0,113 WEST 114 STREET,NY,V1,11,C,NYC HOUSING PRESERVATION AND DEVELOPMENT,2649,0,26.25,100.92,5,206100,0,,,1,997657.0,231239.0,40.8013634,-73.9515747,6b,,New York
MN,1724,117,110.0,9.0,10027.0,28.0,43 WEST 126 STREET,NY,V1,11,,"ANNETTE B. CARTER, AS TRUSTEE",2082,0,20.83,99.92,5,184050,0,,,1,999941.0,233654.0,40.8079881,-73.9433193,6a,,New York
MN,1728,9,110.0,9.0,10037.0,32.0,61 WEST 130 STREET,NY,V1,11,C,NYC HOUSING PRESERVATION AND DEVELOPMENT,1998,0,20.0,99.92,5,202500,0,,,1,1000264.0,234662.0,40.8107542,-73.9421502,6a,,New York
MN,1727,51,110.0,9.0,10037.0,32.0,28 WEST 130 STREET,NY,V1,11,,NINA JUSTINIANO,2498,0,25.0,99.92,5,182700,0,Individual Landmark,INDIVIDUAL LANDMARK,1,1000464.0,234371.0,40.8099552,-73.9414284,6a,,New York
MN,1806,46,111.0,8.0,10035.0,25.0,2316 1 AVENUE,NY,V1,11,,2316 FIRST LLC,1413,0,22.08,64.0,3,219150,0,,,1,1002577.0,229920.0,40.7977343,-73.9338075,6b,,New York
MN,1666,105,111.0,8.0,10029.0,25.0,205 EAST 116 STREET,NY,V1,11,,DLRMD REALTY CO,3014,0,30.0,100.92,5,790650,0,,,1,1001037.0,230010.0,40.7979843,-73.9393694,6b,,New York
MN,1666,5,111.0,8.0,10029.0,25.0,207 EAST 116 STREET,NY,V1,11,,DLRMD REALTY CO,3028,0,30.0,100.92,5,346950,0,,,1,1001061.0,229997.0,40.7979486,-73.9392827,6b,,New York
MN,1947,145,110.0,9.0,10027.0,28.0,502 MANHATTAN AVENUE,NY,V1,11,,510 MANHATTAN AFFORDABLE HOUSING LP,1781,0,18.75,95.0,5,150300,0,,,1,996882.0,233624.0,40.8079107,-73.9543694,6a,,New York
MN,1608,58,111.0,8.0,10029.0,23.0,22 EAST 103 STREET,NY,V1,11,X,THE MOUNT SINAI HOSPITAL,2523,0,25.0,100.92,5,681300,0,,,1,997717.0,227687.0,40.791614,-73.9513651,6b,,New York
MN,1608,57,111.0,8.0,10029.0,23.0,24 EAST 103 STREET,NY,V1,11,X,THE MOUNT SINAI HOSPITAL,2523,0,25.0,100.92,5,681300,0,,,1,997740.0,227674.0,40.7915783,-73.951282,6b,,New York
MN,1822,59,110.0,9.0,10026.0,28.0,144 WEST 113 STREET,NY,V1,11,X,"GATEWAY PROPERTIES L.P.,",2044,0,20.25,100.92,5,0,0,,,1,997127.0,231052.0,40.8008509,-73.9534894,6b,,New York
MN,1795,49,111.0,8.0,10035.0,25.0,308 EAST 119 STREET,NY,V1,11,,308 EAST 119TH STREET LLC,2018,0,20.0,100.92,5,218700,0,,,1,1001987.0,230200.0,40.798504,-73.9359377,6b,,New York
MN,1785,29,111.0,8.0,10035.0,25.0,2357 2 AVENUE,NY,V1,11,X,ODYSSEY HOUSE INC,2013,0,25.17,80.0,3,532800,0,,,1,1002028.0,230822.0,40.8002111,-73.935788,6b,,New York
MN,1953,20,110.0,9.0,10027.0,28.0,322 ST NICHOLAS AVENUE,NY,V1,11,,319 W 126 LLC,1848,0,30.37,75.24,3,343800,0,,,1,997605.0,234929.0,40.8114915,-73.9517551,6a,,New York
MN,1709,111,111.0,8.0,10029.0,25.0,427 EAST 115 STREET,NY,V1,11,,HOPE EAST OF FIFTH HOUSING DEVELOPMENT F UND CO INC,1113,0,25.0,58.13,5,94050,0,,,1,1002312.0,228927.0,40.7950093,-73.9347673,6b,,New York
MN,1912,60,110.0,9.0,10027.0,32.0,166 WEST 128 STREET,NY,V1,11,,FAMOUS INDUSTRIES INC,3747,0,37.5,99.92,5,264150,0,,,1,999050.0,234559.0,40.8104736,-73.9465359,6a,,New York
MN,1912,62,110.0,9.0,10027.0,32.0,2157 ADAM C POWELL BLVD,NY,V1,11,,FAMOUS INDUSTRIES INC,1425,0,19.0,75.0,5,202950,0,,,1,999005.0,234595.0,40.8105725,-73.9466984,6a,,New York
MN,1599,69,110.0,9.0,10026.0,28.0,68 WEST 116 STREET,NY,V1,11,C,NYC HOUSING PRESERVATION AND DEVELOPMENT,3028,0,30.0,100.92,5,656550,0,,,1,998252.0,231330.0,40.8016122,-73.9494254,6b,,New York
MN,1786,133,111.0,8.0,10035.0,25.0,236 EAST 122 STREET,NY,V1,11,,CLARKE PATRICK,1875,0,18.58,100.92,5,194850,0,,,1,1001982.0,231103.0,40.8009825,-73.9359534,6b,,New York
MN,1915,52,110.0,9.0,10027.0,32.0,142 WEST 131 STREET,NY,V1,11,,WEST 131 LLC,3197,0,32.0,99.92,5,287100,0,,,1,999594.0,235150.0,40.8120948,-73.9445694,6a,,New York
MN,1756,16,111.0,9.0,10037.0,25.0,2086 MADISON AVENUE,NY,V1,11,,MADISON AVE HSG DEVEL FUND CORP,1875,0,25.0,75.0,5,174150,0,,,1,1001424.0,234333.0,40.809849,-73.9379606,6a,,New York
MN,1786,34,111.0,8.0,10035.0,25.0,234 EAST 122 STREET,NY,V1,11,,CLARKE PATRICK,1892,0,18.75,100.92,5,196650,0,,,1,1001965.0,231112.0,40.8010072,-73.9360148,6b,,New York
MN,1927,48,110.0,9.0,10027.0,28.0,230 WEST 122 STREET,NY,V1,11,,"NEP WEST 119TH STREET PROPERTIES, LLC",3431,0,34.0,100.92,5,281250,0,,,1,997736.0,233454.0,40.8074428,-73.9512849,6a,,New York
MN,1926,16,110.0,9.0,10027.0,28.0,227 WEST 120 STREET,NY,V1,11,C,NYC DEPARTMENT OF EDUCATION,3364,0,16.67,201.83,5,275850,0,,,1,997573.0,233187.0,40.8067102,-73.9518742,6a,,New York
MN,1913,153,110.0,9.0,10027.0,32.0,146 WEST 129 STREET,NY,V1,11,,"DAVID, COHN",1249,0,12.5,99.92,5,86850,0,,,1,999319.0,234709.0,40.8108849,-73.9455638,6a,,New York
MN,1913,53,110.0,9.0,10027.0,32.0,144 WEST 129 STREET,NY,V1,11,,AMOS FINANCIAL LLC,1249,0,12.5,99.92,5,15300,0,,,1,999331.0,234702.0,40.8108657,-73.9455205,6a,,New York
MN,1751,126,111.0,9.0,10035.0,25.0,45 EAST 126 STREET,NY,V1,11,,HARLEM MULTI ONE LLC,1998,0,20.0,99.92,5,34650,0,,,1,1001025.0,233053.0,40.8063366,-73.9394051,6a,,New York
MN,1632,20,111.0,8.0,10029.0,23.0,1655 LEXINGTON AVENUE,NY,V1,11,X,HOPE COMMUNITY INC,3500,0,50.0,70.0,5,302400,0,,,1,998963.0,227477.0,40.7910356,-73.9468657,6b,,New York
MN,1614,15,111.0,9.0,10029.0,23.0,1620 MADISON AVENUE,NY,V1,11,,1620 GROUP,2187,0,25.0,87.5,5,406350,0,,,1,998456.0,228988.0,40.7951838,-73.9486935,6b,,New York
MN,1608,56,111.0,8.0,10029.0,23.0,1514 MADISON AVENUE,NY,V1,11,X,THE MOUNT SINAI HOSPITAL,2018,0,20.0,100.92,3,517500,0,,,1,997761.0,227662.0,40.7915453,-73.9512062,6b,,New York
MN,1612,101,111.0,9.0,10029.0,23.0,5 AVENUE,NY,V1,11,,"LAKEVIEW ACQUISITION CO., L.P.",12276,0,135.71,90.46,5,1440450,0,,,1,998008.0,228644.0,40.7942403,-73.9503122,6b,,New York
MN,1725,107,110.0,9.0,10027.0,32.0,73 WEST 127 STREET,NY,V1,11,X,HARLEM GROWN INC.,1665,0,16.67,99.92,5,234000,0,,,1,999847.0,234003.0,40.8089462,-73.9436581,6a,,New York
MN,1724,2,110.0,9.0,10027.0,28.0,322 LENOX AVENUE,NY,V1,11,,ATOC INCORPORATED,2475,0,33.0,75.0,5,169200,0,,,1,999612.0,233836.0,40.8084883,-73.9445074,6a,,New York
MN,1724,71,110.0,9.0,10027.0,28.0,334 LENOX AVENUE,NY,V1,11,,"328 LENOX AVENUE REALTY CORP., INC.",1403,0,16.5,85.0,5,199800,0,,,1,999661.0,233914.0,40.8087023,-73.9443302,6a,,New York
MN,1726,41,110.0,9.0,10027.0,32.0,4 WEST 129 STREET,NY,V1,11,X,SHILOH CHURCH/CHRISTINC,7494,0,75.0,99.92,5,715950,0,,,1,1000537.0,234035.0,40.8090328,-73.9411655,6a,,New York
MN,1726,31,110.0,9.0,10027.0,32.0,9 WEST 128 STREET,NY,V1,11,X,"SHILOH CHURCH OF CHRIST, DISCIPLES",1898,0,19.0,99.92,5,192600,0,,,1,1000479.0,233951.0,40.8088023,-73.9413752,6a,,New York
MN,1772,47,111.0,8.0,10035.0,25.0,162 EAST 124 STREET,NY,V1,11,,MAHONEY REALTY LLC,2153,0,21.33,100.92,5,190350,0,,,1,1001569.0,231929.0,40.8032504,-73.937443,6b,,New York
MN,1633,52,111.0,8.0,10029.0,23.0,152 EAST 106 STREET,NY,V1,11,,PENNSYLVANIA HOLDING LLC,2023,0,25.0,80.92,5,179100,0,,,1,999143.0,227806.0,40.7919384,-73.9462149,6b,,New York
MN,1637,33,111.0,8.0,10029.0,23.0,3RD AVENUE,NY,V1,11,,THIRD AVE NY REALTY LLC,7682,0,80.86,95.0,3,898650,0,,,1,999909.0,228483.0,40.7937952,-73.943447,6b,,New York
MN,1772,46,111.0,8.0,10035.0,25.0,164 EAST 124 STREET,NY,V1,11,,MAHONEY REALTY LLC,2153,0,21.33,100.92,5,190350,0,,,1,1001587.0,231919.0,40.803223,-73.937378,6b,,New York
MN,1772,140,111.0,8.0,10035.0,25.0,182 EAST 124 STREET,NY,V1,11,,178 EAST 124TH STREET LLC,3232,0,31.0,100.92,5,279000,0,,,1,1001731.0,231840.0,40.8030058,-73.936858,6b,,New York
MN,1944,30,110.0,9.0,10026.0,28.0,2173 FREDRICK DOUGLASS BL,NY,V1,11,,2173 EQUITIES LLC,2567,0,25.67,100.0,5,327600,0,,,1,996688.0,232706.0,40.8053913,-73.9550719,6a,,New York
MN,1773,69,111.0,9.0,10035.0,25.0,1815 PARK AVENUE,NY,V1,11,X,METROPOLITAN TRANSPORTATION AUTHORITY MTA REAL ESTATE DEPARTMENT,6810,0,75.67,90.0,3,1633500,0,,,1,1001185.0,232457.0,40.8047004,-73.9388287,6a,,New York
MN,1773,72,111.0,9.0,10035.0,25.0,1811 PARK AVENUE,NY,V1,11,O,METROPOLITAN TRANSPORTATION AUTHORITY,2843,0,31.58,90.0,5,782550,0,,,1,1001158.0,232408.0,40.804566,-73.9389263,6a,,New York
MN,1773,4,111.0,9.0,10035.0,25.0,1807 PARK AVENUE,NY,V1,11,O,METROPOLITAN TRANSPORTATION AUTHORITY,2843,0,31.58,90.0,5,782550,0,,,1,1001142.0,232380.0,40.8044891,-73.9389842,6a,,New York
MN,1917,36,110.0,9.0,10037.0,32.0,463 LENOX AVENUE,NY,V1,11,,FAMOUS INDUSTRIES INC,1147,0,17.92,64.0,3,146700,0,,,1,1000249.0,235429.0,40.8128595,-73.9422025,6a,,New York
MN,1918,54,110.0,9.0,10030.0,32.0,132 WEST 134 STREET,NY,V1,11,,132 W LLC,2998,0,30.0,99.92,5,118800,0,,,1,999917.0,235862.0,40.8140485,-73.9434009,6a,,New York
MN,2007,16,110.0,9.0,10030.0,32.0,123 WEST 138 STREET,NY,V1,11,,THE LAMB'S CENTER FOR URBAN MINISTRY,2598,0,26.0,99.92,5,224550,0,,,1,1000650.0,236871.0,40.8168166,-73.9407504,6a,,New York
MN,1920,143,110.0,9.0,10030.0,32.0,122 WEST 136 STREET,NY,V1,11,X,WAY OF CROSS TABERNACLE,1499,0,15.0,99.92,5,211050,0,,,1,1000438.0,236217.0,40.815022,-73.9415179,6a,,New York
MN,1772,48,111.0,8.0,10035.0,25.0,160 EAST 124 STREET,NY,V1,11,,MAHONEY REALTY LLC,2153,0,21.33,100.92,5,190350,0,,,1,1001550.0,231940.0,40.8032807,-73.9375116,6b,,New York
MN,1772,22,111.0,8.0,10035.0,25.0,151 EAST 123 STREET,NY,V1,11,C,NYC HOUSING PRESERVATION AND DEVELOPMENT,3532,0,35.0,100.92,5,370350,0,,,1,1001428.0,231888.0,40.8031382,-73.9379524,6b,,New York
MN,1752,16,111.0,9.0,10035.0,25.0,2000 MADISON AVENUE,NY,V1,11,,USC 1994 MADISON LLC,3497,0,99.92,35.0,3,371700,0,,,1,1000931.0,233400.0,40.8072892,-73.9397438,6a,,New York
MN,1960,15,110.0,9.0,10030.0,32.0,2535 FREDRICK DOUGLASS BL,NY,V1,11,,EMPIRE DEVELOPMENT FUND 2 LLC,9992,0,99.92,100.0,3,1084500,0,,,1,999058.0,236977.0,40.8171104,-73.9465017,6a,,New York
MN,1727,69,110.0,9.0,10027.0,32.0,400 LENOX AVENUE,NY,V1,11,,PENTECOSTAL FAITH CHURCH,5525,0,65.0,85.0,5,552150,0,,,1,1000052.0,234619.0,40.8106366,-73.9429161,6a,,New York
MN,1807,22,111.0,8.0,10035.0,25.0,363 PLEASANT AVENUE,NY,V1,11,X,ROMAN CATHOLIC CHURCH,1569,0,20.92,75.0,3,194400,0,,,1,1003090.0,229724.0,40.7971952,-73.9319552,6b,,New York
MN,1815,14,111.0,8.0,10035.0,25.0,523 EAST 118 STREET,NY,V1,11,,"TIAGO PARKING HOLDINGS, LLC",2060,0,20.42,100.92,3,222300,0,,,1,1003388.0,229308.0,40.7960528,-73.9308801,6b,,New York
MN,1815,43,111.0,8.0,10035.0,25.0,516 EAST 119 STREET,NY,V9,11,,KAVOLS LLC,2018,0,20.0,100.92,5,140850,0,,,1,1003362.0,229439.0,40.7964124,-73.9309737,6b,,New York
MN,1665,24,111.0,8.0,10029.0,25.0,2245 2 AVENUE,NY,V1,11,,NUEVO EL BARRIO PARA LA REHABILITACION,2603,0,28.92,90.0,5,512550,0,,,1,1001292.0,229509.0,40.7966087,-73.9384496,6b,,New York
MN,1920,57,110.0,9.0,10030.0,32.0,168 WEST 136TH STREET,NY,V1,11,,HARLEM YIMBY LLC,4163,0,41.67,99.92,5,409950,0,,,1,1000124.0,236390.0,40.8154974,-73.9426518,6a,,New York
MN,1921,49,110.0,9.0,10030.0,32.0,136 WEST 137 STREET,NY,V1,11,C,NYC HOUSING PRESERVATION AND DEVELOPMENT,2498,0,25.0,99.92,5,220500,0,,,1,1000439.0,236511.0,40.8158289,-73.9415135,6a,,New York
MN,2044,4,110.0,9.0,10030.0,32.0,28 BRADHURST AVENUE,NY,V1,11,,GRFO 28 BRADHURST LLC,1639,0,21.11,77.75,5,219600,0,,,1,999867.0,238838.0,40.8222169,-73.9435746,6a,,New York
MN,1753,141,111.0,9.0,10035.0,25.0,66 EAST 129 STREET,NY,V1,11,X,CHILDREN'S ETAL DBA,1724,0,17.25,99.92,5,158850,0,,,1,1001461.0,233523.0,40.8076257,-73.937829,6a,,New York
MN,2007,18,110.0,9.0,10030.0,32.0,119 WEST 138 STREET,NY,V1,11,,119 WEST 138TH STREET LLC,2598,0,26.0,99.92,5,224550,0,,,1,1000695.0,236846.0,40.8167479,-73.9405878,6a,,New York
MN,1715,49,111.0,8.0,10035.0,25.0,316 PLEASANT AVENUE,NY,V1,11,,"DARABUNDIT , SIVADOL",2450,0,25.0,98.0,5,226800,0,,,1,1002947.0,229083.0,40.7954361,-73.9324735,6b,,New York
MN,2007,22,110.0,9.0,10030.0,32.0,113 WEST 138 STREET,NY,V1,11,,"ODELL CLARK PLACE,",2598,0,26.0,99.92,5,224550,0,,,1,1000764.0,236808.0,40.8166435,-73.9403387,6a,,New York
MN,2007,27,110.0,9.0,10030.0,32.0,103 WEST 138 STREET,NY,V1,11,,ABYSSINIAN DEVELOPMENT CORP,2498,0,25.0,99.92,5,216450,0,,,1,1000883.0,236742.0,40.8164621,-73.9399089,6a,,New York
MN,2007,17,110.0,9.0,10030.0,32.0,121 WEST 138 STREET,NY,V1,11,,THE LAMB'S CENTER FOR URBAN MINISTRY,2598,0,26.0,99.92,5,224550,0,,,1,1000673.0,236859.0,40.8167836,-73.9406673,6a,,New York
MN,1709,5,111.0,8.0,10029.0,25.0,408 EAST 116 STREET,NY,V1,11,,408-10 E. 116TH STREET LLC,8805,0,37.25,201.83,4,688500,0,,,1,1002204.0,229069.0,40.7953993,-73.935157,6b,,New York
MN,1745,168,111.0,9.0,10035.0,25.0,4 EAST 119 STREET,NY,V1,11,,NEMA HOMES CORP.,1260,0,25.0,50.42,5,184050,0,,,1,999567.0,231572.0,40.8022743,-73.9446751,6b,,New York
MN,1795,2,111.0,8.0,10035.0,25.0,2304 2 AVENUE,NY,V1,11,,"FROM , AARON",2080,0,26.0,80.0,5,417600,0,,,1,1001854.0,230146.0,40.798356,-73.9364182,6b,,New York
MN,1756,70,111.0,9.0,10037.0,25.0,2157 5 AVENUE,NY,V1,11,,MADISON AVENUE HOUSING DEVELOPMENT FUND  CORPORATIN,2475,0,25.0,99.0,5,196650,0,,,1,1001174.0,234585.0,40.8105412,-73.938863,6a,,New York
MN,1753,162,111.0,9.0,10035.0,25.0,20 EAST 129 STREET,NY,V1,11,,20 E 129 LLC,1765,0,17.67,99.92,5,165600,0,,,1,1000983.0,233788.0,40.808354,-73.939555,6a,,New York
MN,1730,68,110.0,9.0,10037.0,32.0,480 LENOX AVENUE,NY,V1,11,,LENOX TRRC DVLPMNT ASSOC,32225,0,355.08,85.0,3,821250,0,,,1,1000616.0,235628.0,40.813405,-73.9408762,6a,,New York
MN,1754,33,111.0,9.0,10035.0,25.0,1900 PARK AVENUE,NY,V1,11,,1900 PARK LLC,8993,0,99.92,90.0,3,1765350,0,,,1,1001580.0,233637.0,40.8079384,-73.9373988,6a,,New York
MN,1722,27,110.0,9.0,10027.0,28.0,15 WEST 124 STREET,NY,V1,11,,HARLEM LLC,7569,0,75.0,100.92,5,108900,0,,,1,999897.0,233036.0,40.806292,-73.9434797,6a,,New York
MN,1722,24,110.0,9.0,10027.0,28.0,27 WEST 124 STREET,NY,V1,11,,HANDYMDS MOST PURE HE,3784,0,37.5,100.92,5,263700,0,,,1,999804.0,233087.0,40.8064321,-73.9438155,6a,,New York
MN,1723,53,110.0,9.0,10027.0,28.0,38 WEST 126 STREET,NY,V1,11,,38 WEST 126TH OWNER LLC,1998,0,20.0,99.92,5,153900,0,,,1,999920.0,233484.0,40.8075216,-73.9433956,6a,,New York
MN,1722,26,110.0,9.0,10027.0,28.0,21 WEST 124 STREET,NY,V1,11,,HARLEM LLC,2523,0,25.0,100.92,5,113400,0,,,1,999853.0,233060.0,40.8063579,-73.9436386,6a,,New York
MN,1749,46,111.0,9.0,10035.0,25.0,62 EAST 125 STREET,NY,V1,11,,BRUKHA ASSETS LLC,5046,0,50.0,100.92,5,466650,0,,,1,1000808.0,232650.0,40.8052308,-73.94019,6a,,New York
MN,1749,33,111.0,9.0,10035.0,25.0,1800 PARK AVENUE,NY,V1,11,,1800 FEE OWNER LLC,36281,0,201.84,215.0,3,8872650,0,,,1,1000918.0,232542.0,40.8049342,-73.9397929,6a,,New York
MN,1710,33,111.0,8.0,10035.0,25.0,442 EAST 117 STREET,NY,V1,11,,MHANY 2004 HOUSING DEVELOPMENT FUND CORP ORATION,3722,0,36.88,100.92,5,258750,0,,,1,1002653.0,229233.0,40.7958485,-73.9335349,6b,,New York
MN,1708,125,111.0,8.0,10029.0,23.0,277 PLEASANT AVENUE,NY,V1,11,,277-279 PLEASANT AVECP.,972,0,13.13,74.0,5,109800,0,,,1,1002493.0,228643.0,40.7942294,-73.9341144,6b,,New York
MN,1636,25,111.0,8.0,10029.0,23.0,157 EAST 108 STREET,NY,V1,11,,TEAM PROPERTIES LLC,1690,0,16.75,100.92,5,171900,0,,,1,999553.0,228393.0,40.7935488,-73.9447329,6b,,New York
MN,1634,158,111.0,8.0,10029.0,23.0,1710 LEXINGTON AVENUE,NY,V1,11,,"1710 LEXINGTON, INC.",2569,0,34.25,75.0,3,288450,0,,,1,999177.0,228160.0,40.7929099,-73.9460914,6b,,New York
MN,1635,51,111.0,8.0,10029.0,23.0,1725 LEXINGTON AVENUE,NY,V1,11,,152-156 REALTY ASSOCS.,1084,0,16.67,65.0,5,128700,0,,,1,999398.0,228267.0,40.7932032,-73.945293,6b,,New York
MN,1635,52,111.0,8.0,10029.0,23.0,1723 LEXINGTON AVENUE,NY,V1,11,,LEXINGTON AVE VENTURE LLC,1083,0,16.67,65.0,5,128700,0,,,1,999390.0,228253.0,40.7931648,-73.9453219,6b,,New York
MN,1815,114,111.0,8.0,10035.0,25.0,525 EAST 118 STREET,NY,V1,11,,"TIAGO PARKING HOLDINGS, LLC",2060,0,20.42,100.92,5,187200,0,,,1,1003406.0,229298.0,40.7960253,-73.9308151,6b,,New York
MN,1815,12,111.0,8.0,10035.0,25.0,519 EAST 118 STREET,NY,V1,11,,"TIAGO PARKING HOLDINGS, LLC",2077,0,20.58,100.92,5,165600,0,,,1,1003352.0,229327.0,40.796105,-73.9310101,6b,,New York
MN,1790,30,111.0,8.0,10035.0,25.0,238 EAST 126 STREET,NY,V1,11,C,NYC HOUSING PRESERVATION AND DEVELOPMENT,2498,0,25.0,99.92,5,560250,0,,,1,1002592.0,232005.0,40.803457,-73.9337476,6b,,New York
MN,1784,45,111.0,8.0,10035.0,25.0,2201 3RD AVENUE,NY,V1,11,,EAST 120TH HOLDINGS LLC,9300,0,95.0,100.0,3,900900,0,,,1,1001423.0,230817.0,40.8001986,-73.9379732,6b,,New York
MN,1953,45,110.0,9.0,10027.0,28.0,328 ST NICHOLAS AVENUE,NY,V1,11,,319 W 126 LLC,1717,0,17.62,98.86,5,297450,0,,,1,997689.0,234977.0,40.8116231,-73.9514516,6a,,New York
MN,1725,31,110.0,9.0,10027.0,32.0,9 WEST 127 STREET,NY,V1,11,,"BROWNE, KAREN V.",1998,0,20.0,99.92,5,202500,0,,,1,1000359.0,233720.0,40.8081685,-73.9418092,6a,,New York
MN,1772,4,111.0,9.0,10035.0,25.0,107 EAST 123 STREET,NY,V1,11,,107-111 EAST 123RD STREET HOUSING DEV FU ND CORP,8578,0,85.0,100.92,5,848700,0,,,1,1001092.0,232075.0,40.8036521,-73.9391655,6b,,New York
MN,1750,46,111.0,9.0,10035.0,25.0,52 EAST 126 STREET,NY,V1,11,X,OH 126TH ST. HOUSING DEVELOPMENT FUND CO RP.,3997,0,40.0,99.92,5,53100,0,,,1,1000962.0,232909.0,40.8059414,-73.939633,6a,,New York
MN,1393,4,108.0,4.0,10075.0,19.0,971 5 AVENUE,NY,V1,11,X,REPUBLIC OF FRANCE,2000,0,20.0,100.0,5,992700,0,,,1,994299.0,222172.0,40.7764814,-73.9637171,8c,,New York
MN,1426,27,108.0,5.0,10021.0,19.0,252 EAST 72 STREET,NY,V1,11,,259 EAST 72 OWNER LLC,4148,0,40.58,102.17,5,1244250,0,,,1,995620.0,219350.0,40.7687341,-73.9589523,8c,,New York
MN,1515,33,108.0,4.0,10028.0,19.0,1530 3 AVENUE,NY,V1,11,,ZDJ E 86 LLC,5000,0,50.0,100.0,3,1750500,0,,,1,996944.0,223137.0,40.7791266,-73.9541653,9a,,New York
MN,1948,24,110.0,9.0,10027.0,28.0,311 WEST 121 STREET,NY,V1,11,,JENCO 121 LLC,2523,0,25.0,100.92,5,212850,0,,,1,997058.0,233711.0,40.8081492,-73.9537335,6a,,New York
MN,1969,7,109.0,7.0,10027.0,26.0,478 WEST 130 STREET,NY,V1,11,X,487 W 129TH ST PERMANENT HOUSING DEV FUN D CORP,9534,0,95.42,99.92,0,0,0,,,1,997013.0,236284.0,40.8152125,-73.9538929,6a,,New York
MN,1786,31,111.0,8.0,10035.0,25.0,242 EAST 122 STREET,NY,V1,11,,PATRICK  CLARK,6694,0,66.33,100.92,5,682650,0,,,1,1002051.0,231065.0,40.800878,-73.9357043,6b,,New York
MN,1786,32,111.0,8.0,10035.0,25.0,240 EAST 122 STREET,NY,V1,11,,CLARKE PATRICK,1900,0,18.83,100.92,5,195300,0,,,1,1002014.0,231085.0,40.800933,-73.9358378,6b,,New York
MN,1786,123,111.0,8.0,10035.0,25.0,2365 2 AVENUE,NY,V1,11,,2ND AVE. INVESTMENTS,1078,0,20.0,53.92,5,230400,0,,,1,1002099.0,230926.0,40.8004964,-73.9355312,6b,,New York
MN,884,17,105.0,2.0,10016.0,13.0,120 LEXINGTON AVENUE,NY,V1,11,,"120 LEXINGTON AVE CORP. C/O SKYLAND MANAGEMENT GROUP, LLC",1590,0,20.25,78.5,3,474750,0,,,1,989062.0,209913.0,40.742838,-73.9826346,8d,,New York
MN,1681,24,111.0,8.0,10029.0,23.0,2123 1 AVENUE,NY,V1,11,,SHAVSAX LLC,1875,0,25.0,75.0,5,260550,0,,,1,1001194.0,227770.0,40.7918359,-73.938808,6b,,New York
MN,1940,1,110.0,9.0,10030.0,32.0,2510 FREDRICK DOUGLASS BL,NY,V1,11,C,NYC POLICE DEPARTMENT,6000,0,60.0,100.0,3,450450,0,,,1,999024.0,236513.0,40.8158369,-73.9466255,6a,,New York
MN,1928,44,110.0,9.0,10027.0,28.0,224 WEST 123 STREET,NY,V1,11,,"ARIAS, MARIA E",1682,0,16.67,100.92,5,157050,0,,,1,997954.0,233633.0,40.8079338,-73.950497,6a,,New York
MN,1749,69,111.0,9.0,10035.0,25.0,2015 5 AVENUE,NY,V1,11,,"507-515-517 W. 171 ST. ASSOCIATES, LLC",5914,0,73.92,80.0,3,761850,0,,,1,1000269.0,232963.0,40.8060909,-73.9421362,6a,,New York
MN,1667,34,111.0,8.0,10035.0,25.0,228 EAST 118 STREET,NY,V1,11,,228 EAST 118TH STREET REALTY LLC,5551,0,55.0,100.92,5,643500,0,,,1,1001434.0,230208.0,40.798527,-73.937935,6b,,New York
MN,1051,8,104.0,3.0,10018.0,10.0,429 WEST 41 STREET,NY,V7,11,X,PORT AUTHORITY OF NY AND NJ,10068,0,400.0,25.17,3,686700,0,,,1,985611.0,215705.0,40.7587367,-73.9950873,8d,,New York
MN,1790,20,111.0,8.0,10035.0,25.0,249 EAST 125 STREET,NY,V1,11,C,NYC HOUSING PRESERVATION AND DEVELOPMENT,5296,0,53.0,99.92,5,1173150,0,,,1,1002531.0,231920.0,40.8032238,-73.9339682,6b,,New York
MN,1790,31,111.0,8.0,10035.0,25.0,236 EAST 126 STREET,NY,V9,11,,NYC ECONOMIC DEVELOPMENT CORPORATION,2498,0,25.0,99.92,5,560250,0,,,1,1002571.0,232017.0,40.80349,-73.9338235,6b,,New York
MN,241,10,103.0,1.0,10002.0,7.0,260 SOUTH STREET,NY,V9,11,C,NYC DEPARTMENT OF SMALL BUSINESS SERVICES,292250,0,691.92,425.42,5,10183500,0,,,1,987030.0,197654.0,40.7091908,-73.9899727,12d,,New York
MN,1811,153,111.0,8.0,10035.0,25.0,1 AVENUE,NY,V1,11,O,MTA - BRIDGES AND TUNNELS,1129,0,68.0,240.0,5,164700,0,,,1,1003672.0,231059.0,40.8008582,-73.9298494,6b,,New York
MN,1918,53,110.0,9.0,10030.0,32.0,130 WEST 134 STREET,NY,V1,11,C,NYC HOUSING PRESERVATION AND DEVELOPMENT,2998,0,30.0,99.92,5,256950,0,,,1,999943.0,235848.0,40.81401,-73.943307,6a,,New York
MN,1824,20,110.0,9.0,10026.0,28.0,115 WEST 114 STREET,NY,V1,11,C,NYC HOUSING PRESERVATION AND DEVELOPMENT,2649,0,26.25,100.92,5,206100,0,,,1,997634.0,231251.0,40.8013964,-73.9516577,6b,,New York
MN,1790,27,111.0,8.0,10035.0,25.0,2455 2 AVENUE,NY,V1,11,C,NYC HOUSING PRESERVATION AND DEVELOPMENT,2625,0,25.0,105.0,5,585900,0,,,1,1002643.0,231962.0,40.8033388,-73.9335635,6b,,New York
MN,1790,26,111.0,8.0,10035.0,25.0,2453 2 AVENUE,NY,V1,11,C,NYC HOUSING PRESERVATION AND DEVELOPMENT,2625,0,25.0,105.0,5,585900,0,,,1,1002631.0,231939.0,40.8032757,-73.9336069,6b,,New York
MN,1790,29,111.0,8.0,10035.0,25.0,2459 2 AVENUE,NY,V1,11,C,NYC HOUSING PRESERVATION AND DEVELOPMENT,2616,0,24.92,105.0,3,616050,0,,,1,1002668.0,232007.0,40.8034623,-73.9334731,6b,,New York
MN,1911,26,110.0,9.0,10027.0,28.0,109 WEST 126 STREET,NY,V1,11,C,NYC HOUSING PRESERVATION AND DEVELOPMENT,1782,0,17.83,99.92,5,250650,0,,,1,999333.0,233991.0,40.8089142,-73.9455149,6a,,New York
MN,1754,68,111.0,9.0,10037.0,25.0,2 EAST 130 STREET,NY,V1,11,C,NYC HOUSING PRESERVATION AND DEVELOPMENT,1665,0,16.67,99.92,5,154350,0,,,1,1000982.0,234085.0,40.8091692,-73.9395579,6a,,New York
MN,1824,19,110.0,9.0,10026.0,28.0,117 WEST 114 STREET,NY,V1,11,C,NYC HOUSING PRESERVATION AND DEVELOPMENT,2649,0,26.25,100.92,5,206100,0,,,1,997612.0,231264.0,40.8014321,-73.9517372,6b,,New York
MN,1635,43,111.0,8.0,10029.0,23.0,174 EAST 108 STREET,NY,V1,11,C,NYC HOUSING PRESERVATION AND DEVELOPMENT,1716,0,17.0,100.92,5,176400,0,,,1,999611.0,228179.0,40.7929613,-73.9445239,6b,,New York
MN,2045,13,110.0,9.0,10039.0,32.0,2735 FREDRICK DOUGLASS BL,NY,V1,11,C,NYC HOUSING PRESERVATION AND DEVELOPMENT,2813,0,25.0,112.5,5,598050,0,,,1,1000334.0,239296.0,40.8234731,-73.9418862,6a,,New York
MN,2045,89,110.0,9.0,10039.0,32.0,2803 FREDRICK DOUGLASS BL,NY,V1,11,C,NYC HOUSING PRESERVATION AND DEVELOPMENT,2000,0,25.0,80.0,3,215100,0,,,1,1000781.0,240070.0,40.8255967,-73.9402692,6a,,New York
MN,372,11,103.0,2.0,10009.0,9.0,276 EAST 3 STREET,NY,V1,11,C,NYC HOUSING PRESERVATION AND DEVELOPMENT,2021,0,23.25,86.92,5,724050,0,,,1,989687.0,202086.0,40.7213544,-73.9803854,12c,,New York
MN,1918,16,110.0,9.0,10030.0,32.0,131 WEST 133 STREET,NY,V1,11,C,NYC HOUSING PRESERVATION AND DEVELOPMENT,3324,0,33.27,99.92,5,285300,0,,,1,999996.0,235703.0,40.813612,-73.9431159,6a,,New York
MN,1681,15,111.0,8.0,10029.0,23.0,329 EAST 109 STREET,NY,V1,11,C,NYC DEPARTMENT OF HEALTH AND MENTAL HYGIENE,2523,0,25.0,100.92,5,233550,0,,,1,1000980.0,227902.0,40.7921986,-73.9395805,6b,,New York
MN,1921,124,110.0,9.0,10030.0,32.0,113 WEST 136 STREET,NY,V1,11,C,NYC DEPARTMENT OF CITYWIDE ADMINISTRATIVE SERVICES,1665,0,16.67,99.92,5,234000,0,,,1,1000569.0,236324.0,40.8153154,-73.9410443,6a,,New York
MN,1953,24,110.0,9.0,10027.0,28.0,317 WEST 126 STREET,NY,V1,11,C,NYC DEPARTMENT OF CITYWIDE ADMINISTRATIVE SERVICES,1665,0,16.67,99.92,5,234000,0,,,1,997706.0,234891.0,40.811387,-73.9513904,6a,,New York
MN,1909,11,110.0,9.0,10027.0,28.0,142 WEST 125 STREET,NY,V1,11,C,NYC DEPARTMENT OF CITYWIDE ADMINISTRATIVE SERVICES,5248,0,26.0,201.83,4,1287000,0,,,1,998754.0,233728.0,40.8081933,-73.947607,6a,,New York
MN,2015,1,110.0,9.0,10039.0,32.0,2521 ADAM C POWELL BLVD,NY,V1,11,C,NYC DEPARTMENT OF CITYWIDE ADMINISTRATIVE SERVICES,4040,0,40.0,101.0,3,314550,0,,,1,1001379.0,238855.0,40.8222607,-73.9381116,6a,,New York
MN,1688,34,111.0,8.0,10035.0,25.0,338 EAST 117 STREET,NY,V1,11,C,NYC DEPARTMENT OF CITYWIDE ADMINISTRATIVE SERVICES,2523,0,25.0,100.92,5,175050,0,,,1,1002048.0,229569.0,40.7967719,-73.9357191,6b,,New York
MN,2152,1,112.0,10.0,10033.0,33.0,260 AUDUBON AVENUE,NY,V1,11,X,PORT AUTHORITY OF NY AND NJ,74000,0,200.0,370.0,3,6645600,0,,,1,1002836.0,247798.0,40.8468038,-73.9328225,3b,,New York
MN,651,1,102.0,3.0,10014.0,6.0,427 GANSEVOORT STREET,NY,V1,11,X,NYS DEPARTMENT OF TRANSPORTATION,323300,0,390.42,460.0,5,13713300,0,,,1,981110.0,208878.0,40.7399979,-74.0113311,8b,,New York
MN,665,1,104.0,3.0,10018.0,10.0,331 12 AVENUE,NY,V9,11,X,NYS DEPARTMENT OF TRANSPORTATION,197075,0,976.58,330.0,9,961200,0,,,1,982432.0,215326.0,40.7576964,-74.0065622,8b,,New York
MN,1789,15,111.0,8.0,10035.0,25.0,231 EAST 124 STREET,NY,V1,11,C,NYC DEPARTMENT OF PARKS AND RECREATION,2018,0,20.0,100.92,5,436950,0,,,1,1002274.0,231720.0,40.8026754,-73.934897,6b,,New York
MN,1788,38,111.0,8.0,10035.0,25.0,226 EAST 124 STREET,NY,V1,11,O,NYC HOUSING AUTHORITY,3902,0,38.67,100.92,5,250200,0,,,1,1002169.0,231598.0,40.8023407,-73.9352766,6b,,New York
MN,1771,23,111.0,8.0,10035.0,25.0,159 EAST 122 STREET,NY,V1,11,C,NYC DEPARTMENT OF PARKS AND RECREATION,2523,0,25.0,100.92,5,243450,0,,,1,1001322.0,231650.0,40.8024851,-73.9383359,6b,,New York
MN,1789,14,111.0,8.0,10035.0,25.0,229 EAST 124 STREET,NY,V1,11,C,NYC DEPARTMENT OF PARKS AND RECREATION,2018,0,20.0,100.92,5,436950,0,,,1,1002256.0,231730.0,40.8027029,-73.934962,6b,,New York
MN,1789,11,111.0,8.0,10035.0,25.0,223 EAST 124 STREET,NY,V1,11,C,NYC DEPARTMENT OF PARKS AND RECREATION,3028,0,30.0,100.92,5,656100,0,,,1,1002200.0,231761.0,40.8027881,-73.9351642,6b,,New York
MN,1789,13,111.0,8.0,10035.0,25.0,227 EAST 124 STREET,NY,V1,11,C,NYC DEPARTMENT OF PARKS AND RECREATION,2018,0,20.0,100.92,5,436950,0,,,1,1002239.0,231740.0,40.8027304,-73.9350234,6b,,New York
MN,1771,27,111.0,8.0,10035.0,25.0,167 EAST 122 STREET,NY,V1,11,C,NYC DEPARTMENT OF PARKS AND RECREATION,6700,0,44.5,201.83,5,643950,0,,,1,1001424.0,231630.0,40.8024301,-73.9379675,6b,,New York
MN,1771,25,111.0,8.0,10035.0,25.0,163 EAST 122 STREET,NY,V1,11,C,NYC DEPARTMENT OF PARKS AND RECREATION,4491,0,44.5,100.92,5,432450,0,,,1,1001373.0,231622.0,40.8024082,-73.9381517,6b,,New York
MN,1771,24,111.0,8.0,10035.0,25.0,161 EAST 122 STREET,NY,V1,11,C,NYC DEPARTMENT OF PARKS AND RECREATION,2523,0,25.0,100.92,5,243450,0,,,1,1001343.0,231638.0,40.8024522,-73.93826,6b,,New York
MN,1789,12,111.0,8.0,10035.0,25.0,225 EAST 124 STREET,NY,V1,11,C,NYC DEPARTMENT OF PARKS AND RECREATION,2018,0,20.0,100.92,5,436950,0,,,1,1002221.0,231749.0,40.8027551,-73.9350884,6b,,New York
MN,405,29,103.0,2.0,10009.0,9.0,544 EAST 12 STREET,NY,V1,11,C,NYC DEPARTMENT OF PARKS AND RECREATION,1581,0,25.0,63.25,5,573300,0,,,1,989946.0,204546.0,40.7281063,-73.979449,12c,,New York
MN,1171,163,107.0,6.0,10069.0,20.0,53 WEST END AVENUE,NY,V1,11,C,NYC DEPARTMENT OF TRANSPORTATION,14800,0,40.1,370.0,5,450,0,,,1,987324.0,221623.0,40.7749797,-73.9889013,8c,,New York
MN,1437,10,108.0,5.0,10065.0,19.0,323 EAST 62 STREET,NY,V1,11,C,NYC DEPARTMENT OF TRANSPORTATION,10142,0,51.0,200.83,4,1988100,0,,,1,994837.0,217039.0,40.762392,-73.9617827,8c,,New York
MN,1639,1,111.0,8.0,10029.0,23.0,111 EAST 111 STREET,NY,V1,11,C,NYC DEPARTMENT OF EDUCATION,10147,0,47.88,201.83,3,880200,0,,,1,999469.0,229399.0,40.7963102,-73.945034,6b,,New York
MN,1639,17,111.0,8.0,10029.0,23.0,143 EAST 111 STREET,NY,V1,11,C,NYC DEPARTMENT OF EDUCATION,2882,0,25.0,100.92,3,323550,0,,,1,999765.0,229178.0,40.7957031,-73.9439655,6b,,New York
MN,1632,15,111.0,8.0,10029.0,23.0,1650 LEXINGTON AVENUE,NY,V5,11,C,NYC DEPARTMENT OF EDUCATION,11101,0,201.83,55.0,3,1062450,0,,,1,998869.0,227588.0,40.7913405,-73.9472049,6b,,New York
MN,1077,35,104.0,3.0,10019.0,18.0,10 AVENUE,NY,V1,11,,NYC DEPARTMENT OF ENVIRONMENTAL PROTECTION,25104,0,200.83,200.83,0,9984600,0,,,1,986239.0,217582.0,40.7638885,-73.9928199,8c,,New York
MN,1828,56,110.0,9.0,10026.0,28.0,270 WEST 113 STREET,NY,V1,11,C,NYC DEPARTMENT OF EDUCATION,1817,0,18.0,100.92,5,168750,0,,,1,996402.0,231454.0,40.8019553,-73.9561073,6b,,New York
MN,415,1,103.0,1.0,10002.0,5.0,154 ELDRIDGE STREET,NY,V9,11,C,NYC DEPARTMENT OF ENVIRONMENTAL PROTECTION,3201,0,47.0,68.0,3,1560150,0,,,1,986755.0,201472.0,40.7196704,-73.9909632,12c,,New York
MN,2048,35,110.0,9.0,10030.0,32.0,119 EDGECOMBE AVENUE,NY,V1,11,C,NYC DEPARTMENT OF CITYWIDE ADMINISTRATIVE SERVICES,2125,0,25.0,85.0,5,165600,0,,,1,999278.0,238242.0,40.8205821,-73.945704,6a,,New York
MN,707,56,104.0,3.0,10018.0,10.0,542 WEST 36 STREET,NY,V1,11,X,NYS CONVENTION CENTER DEVELOPMENT CORPORATION,2043,0,99.38,26.25,3,770400,0,,,1,984192.0,214882.0,40.7564779,-74.0002094,8d,,New York
MN,1790,12,111.0,8.0,10035.0,25.0,225 EAST 125 STREET,NY,V1,11,,NYC ECONOMIC DEVELOPMENT CORPORATION,1665,0,16.67,99.92,5,340650,0,,,1,1002341.0,232025.0,40.8035124,-73.9346542,6b,,New York
MN,1772,26,111.0,8.0,10035.0,25.0,161 EAST 123 STREET,NY,V1,11,C,NYC DEPARTMENT OF SANITATION,2632,0,26.08,100.92,5,225900,0,,,1,1001523.0,231836.0,40.8029953,-73.9376094,6b,,New York
MN,1772,28,111.0,8.0,10035.0,25.0,163 EAST 123 STREET,NY,V1,11,C,NYC DEPARTMENT OF SANITATION,2809,0,27.83,100.92,5,240750,0,,,1,1001547.0,231823.0,40.8029595,-73.9375227,6b,,New York
MN,1788,46,111.0,8.0,10035.0,25.0,204 EAST 124 STREET,NY,V1,11,C,NYC ADMINISTRATION FOR CHILDRENS SERVICES,2800,0,27.75,100.92,5,179550,0,,,1,1001987.0,231699.0,40.8026183,-73.9359337,6b,,New York
MN,917,34,106.0,4.0,10016.0,17.0,675 2 AVENUE,NY,V7,11,C,MTA - BRIDGES AND TUNNELS,50075,0,84.25,435.0,3,6113700,0,,,1,991009.0,211380.0,40.7468632,-73.9756068,8d,,New York
MN,297,24,103.0,1.0,10002.0,7.0,11 ESSEX STREET,NY,V1,11,,11 ESSEX STREET REALTY LLC,2188,0,25.0,87.5,5,332100,0,,,1,986936.0,199801.0,40.7150839,-73.9903109,12d,,New York
MN,2007,24,110.0,9.0,10030.0,32.0,109 WEST 138 STREET,NY,V1,11,,ABYSSINIAN DEVELOPMENT CORP,2598,0,26.0,99.92,5,224550,0,,,1,1000814.0,236780.0,40.8165665,-73.9401581,6a,,New York
MN,2126,14,112.0,10.0,10032.0,33.0,550 WEST 170 STREET,NY,V1,11,C,NYC DEPARTMENT OF PARKS AND RECREATION,28527,0,176.58,175.08,3,2684250,0,,,1,1001376.0,245871.0,40.8415177,-73.9381045,3b,,New York
MN,389,55,103.0,2.0,10009.0,9.0,611 EAST 6 STREET,NY,V1,11,,611 EAST 6TH STREET LLC,2271,0,25.0,90.83,5,573300,0,,,1,989582.0,203180.0,40.7243572,-73.9807634,12c,,New York
MN,277,48,103.0,1.0,10038.0,5.0,25 CATHERINE STREET,NY,V1,11,,20 HENRY STREET REALTY INC,1418,0,18.0,79.83,3,99000,0,,,1,985114.0,198938.0,40.7127155,-73.9968834,12d,,New York
MN,535,20,102.0,2.0,10012.0,6.0,251 MERCER STREET,NY,V1,11,X,NEW YORK UNIVERSITY,4393,0,209.2,21.0,3,1841850,0,,,1,985512.0,204713.0,40.7285665,-73.9954467,12c,,New York
MN,1716,28,111.0,8.0,,,561 EAST 117 STREET,NY,V1,11,C,NYC DEPARTMENT OF SMALL BUSINESS SERVICES,45822,0,261.84,175.0,2,99000,0,,,1,1003733.0,228884.0,40.7948882,-73.9296353,6b,,New York
MN,1318,44,106.0,4.0,10017.0,17.0,210 EAST 45 STREET,NY,V1,11,,SLG 711 FEE,1672,0,16.67,100.42,5,1564200,0,,,1,991865.0,213332.0,40.7522203,-73.9725153,8d,,New York
MN,1786,33,111.0,8.0,10035.0,25.0,238 EAST 122 STREET,NY,V1,11,,"CLARKE, PATRICK D.",1884,0,18.67,100.92,5,195300,0,,,1,1001998.0,231094.0,40.8009577,-73.9358956,6b,,New York
MN,1911,22,110.0,9.0,10027.0,28.0,121 WEST 126 STREET,NY,V1,11,,121 WEST 126 HOLDING LLC,1782,0,17.83,99.92,5,250650,0,,,1,999239.0,234043.0,40.8090571,-73.9458543,6a,,New York
MN,1929,23,110.0,9.0,10027.0,28.0,217 WEST 123 STREET,NY,V1,11,,217 WEST 123 LLC,2523,0,25.0,100.92,5,212850,0,,,1,998077.0,233744.0,40.8082383,-73.9500525,6a,,New York
MN,2156,45,112.0,10.0,10033.0,34.0,13 WASHINGTON TERRACE,NY,V1,11,,OBC CORP.,1109,0,17.75,62.5,5,158400,0,,,1,1003760.0,249353.0,40.8510698,-73.9294783,3a,,New York
MN,1599,44,110.0,9.0,10026.0,28.0,18 WEST 116 STREET,NY,V1,11,,"CARTHAGE NEXUS CANADA, L.P.",7064,0,70.0,100.92,5,639000,0,,,1,998777.0,231039.0,40.8008127,-73.9475297,6b,,New York
MN,1395,120,108.0,4.0,10022.0,19.0,143 EAST 60 STREET,NY,V1,11,,PARKVIEW TOWER OWNER LLC,1608,0,20.0,80.42,5,1292400,0,,,1,993287.0,217231.0,40.7629207,-73.9673777,8c,,New York
MN,64,20,101.0,1.0,10038.0,1.0,8 MAIDEN LANE,NY,V1,11,,"10-12 MLANE, LLC",1890,0,21.0,90.0,5,1578150,0,,,1,981596.0,197725.0,40.7093858,-74.0095729,12b,,New York
